"board_id","panel_id","title","actual_route_or_state","owner","disposition","edge_guard","back_scroll_focus","current_evidence","status"
"P01","P01.S01","Đăng nhập","#login","docs/flows/auth-session/app.mjs","ORIGINAL","Auth credential epoch; start receipt verified; warehouse and permissions confirmed; UNKNOWN must check before retry.","Owner remembers caller/context; route/dialog lifecycle consumes Back before restoring focus. See scoped evidence; no promise of persistence across reload.","handoff/flow/BOARD_CHECKS.json#P01","INVENTORIED_SOURCE_REVIEWED_NOT_FULL_EDGE_PASS"
"P01","P01.S02","Xác nhận phiên làm việc","#confirmation","docs/flows/auth-session/app.mjs","ORIGINAL","Auth credential epoch; start receipt verified; warehouse and permissions confirmed; UNKNOWN must check before retry.","Owner remembers caller/context; route/dialog lifecycle consumes Back before restoring focus. See scoped evidence; no promise of persistence across reload.","handoff/flow/BOARD_CHECKS.json#P01","INVENTORIED_SOURCE_REVIEWED_NOT_FULL_EDGE_PASS"
"P02","P02.S01","Trang chủ mặc định","#home","docs/flows/home/home.mjs","ORIGINAL","Verified auth session + previewReady + warehouseOperations; payload must match scoped owner. Writes also require active warehouse; async epoch/context checked.","Owner remembers caller/context; route/dialog lifecycle consumes Back before restoring focus. See scoped evidence; no promise of persistence across reload.","handoff/flow/BOARD_CHECKS.json#P02","INVENTORIED_SOURCE_REVIEWED_NOT_FULL_EDGE_PASS"
"P03","P03.S01","Chọn tác vụ quét","caller hash; panel=P03.S01","docs/flows/scanner-dialogs/dialog-flow.mjs","LEGACY_ADAPTED","Verified auth session + previewReady + warehouseOperations; payload must match scoped owner. Writes also require active warehouse; async epoch/context checked.","Owner remembers caller/context; route/dialog lifecycle consumes Back before restoring focus. See scoped evidence; no promise of persistence across reload.","handoff/flow/BOARD_CHECKS.json#P03","INVENTORIED_SOURCE_REVIEWED_NOT_FULL_EDGE_PASS"
"P03","P03.S02","Phiếu chưa hoàn tất","caller hash; panel=P03.S02","docs/flows/scanner-dialogs/dialog-flow.mjs","LEGACY_ADAPTED","Verified auth session + previewReady + warehouseOperations; payload must match scoped owner. Writes also require active warehouse; async epoch/context checked.","Owner remembers caller/context; route/dialog lifecycle consumes Back before restoring focus. See scoped evidence; no promise of persistence across reload.","handoff/flow/BOARD_CHECKS.json#P03","BLOCKED_OWNER_MAPPING"
"P03","P03.S03","Kho tạm dừng","caller hash; panel=P03.S03","docs/flows/scanner-dialogs/dialog-flow.mjs","LEGACY_ADAPTED","Verified auth session + previewReady + warehouseOperations; payload must match scoped owner. Writes also require active warehouse; async epoch/context checked.","Owner remembers caller/context; route/dialog lifecycle consumes Back before restoring focus. See scoped evidence; no promise of persistence across reload.","handoff/flow/BOARD_CHECKS.json#P03","INVENTORIED_SOURCE_REVIEWED_NOT_FULL_EDGE_PASS"
"P03","P03.S04","Xác nhận bỏ phiếu","caller hash; panel=P03.S04","docs/flows/scanner-dialogs/dialog-flow.mjs","LEGACY_ADAPTED","Verified auth session + previewReady + warehouseOperations; payload must match scoped owner. Writes also require active warehouse; async epoch/context checked.","Owner remembers caller/context; route/dialog lifecycle consumes Back before restoring focus. See scoped evidence; no promise of persistence across reload.","handoff/flow/BOARD_CHECKS.json#P03","INVENTORIED_SOURCE_REVIEWED_NOT_FULL_EDGE_PASS"
"P04","P04.S01","Thông tin phiếu nhập","#p02/inbound; flow.step=1","docs/flows/inbound/inbound.mjs","LEGACY_ADAPTED","Verified auth session + previewReady + warehouseOperations; payload must match scoped owner. Writes also require active warehouse; async epoch/context checked.","Owner retains draft in page memory; waiting result return keyed by exact documentId; Back/Forward cannot resend.","handoff/flow/BOARD_CHECKS.json#P04","INVENTORIED_SOURCE_REVIEWED_NOT_FULL_EDGE_PASS"
"P04","P04.S02","Quét hàng nhập","#p02/inbound; flow.step=2","docs/flows/inbound/inbound.mjs","LEGACY_ADAPTED","Verified auth session + previewReady + warehouseOperations; payload must match scoped owner. Writes also require active warehouse; async epoch/context checked.","Owner retains draft in page memory; waiting result return keyed by exact documentId; Back/Forward cannot resend.","handoff/flow/BOARD_CHECKS.json#P04","INVENTORIED_SOURCE_REVIEWED_NOT_FULL_EDGE_PASS"
"P04","P04.S03","Kiểm tra phiếu","#p02/inbound; flow.step=3","docs/flows/inbound/inbound.mjs","MIGRATED","Verified auth session + previewReady + warehouseOperations; payload must match scoped owner. Writes also require active warehouse; async epoch/context checked.","Owner retains draft in page memory; waiting result return keyed by exact documentId; Back/Forward cannot resend.","handoff/flow/BOARD_CHECKS.json#P04","INVENTORIED_SOURCE_REVIEWED_NOT_FULL_EDGE_PASS"
"P04","P04.S04","Đã gửi phiếu nhập — chờ Web","#p02/inbound; flow.step=4","docs/flows/inbound/inbound.mjs","MIGRATED","Verified auth session + previewReady + warehouseOperations; payload must match scoped owner. Writes also require active warehouse; async epoch/context checked.","Owner retains draft in page memory; waiting result return keyed by exact documentId; Back/Forward cannot resend.","handoff/flow/BOARD_CHECKS.json#P04","INVENTORIED_SOURCE_REVIEWED_NOT_FULL_EDGE_PASS"
"P05","P05.S01","Thông tin phiếu xuất","#p02/outbound; flow.step=1","docs/flows/outbound/outbound.mjs","LEGACY_ADAPTED","Verified auth session + previewReady + warehouseOperations; payload must match scoped owner. Writes also require active warehouse; async epoch/context checked.","Owner retains draft in page memory; waiting result return keyed by exact documentId; Back/Forward cannot resend.","handoff/flow/BOARD_CHECKS.json#P05","INVENTORIED_SOURCE_REVIEWED_NOT_FULL_EDGE_PASS"
"P05","P05.S02","Quét hàng xuất","#p02/outbound; flow.step=2","docs/flows/outbound/outbound.mjs","LEGACY_ADAPTED","Verified auth session + previewReady + warehouseOperations; payload must match scoped owner. Writes also require active warehouse; async epoch/context checked.","Owner retains draft in page memory; waiting result return keyed by exact documentId; Back/Forward cannot resend.","handoff/flow/BOARD_CHECKS.json#P05","INVENTORIED_SOURCE_REVIEWED_NOT_FULL_EDGE_PASS"
"P05","P05.S03","Kiểm tra thiếu hàng","#p02/outbound; flow.step=3","docs/flows/outbound/outbound.mjs","MIGRATED","Verified auth session + previewReady + warehouseOperations; payload must match scoped owner. Writes also require active warehouse; async epoch/context checked.","Owner retains draft in page memory; waiting result return keyed by exact documentId; Back/Forward cannot resend.","handoff/flow/BOARD_CHECKS.json#P05","INVENTORIED_SOURCE_REVIEWED_NOT_FULL_EDGE_PASS"
"P05","P05.S04","Đã gửi phiếu xuất — chờ Web","#p02/outbound; flow.step=4","docs/flows/outbound/outbound.mjs","MIGRATED","Verified auth session + previewReady + warehouseOperations; payload must match scoped owner. Writes also require active warehouse; async epoch/context checked.","Owner retains draft in page memory; waiting result return keyed by exact documentId; Back/Forward cannot resend.","handoff/flow/BOARD_CHECKS.json#P05","INVENTORIED_SOURCE_REVIEWED_NOT_FULL_EDGE_PASS"
"P06","P06.S01","Tra cứu sản phẩm","#p02/lookup; flow.panel=1","docs/flows/lookup/lookup.mjs","LEGACY_ADAPTED","Verified auth session + previewReady + warehouseOperations; payload must match scoped owner. Writes also require active warehouse; async epoch/context checked.","Owner remembers caller/context; route/dialog lifecycle consumes Back before restoring focus. See scoped evidence; no promise of persistence across reload.","handoff/flow/BOARD_CHECKS.json#P06","INVENTORIED_SOURCE_REVIEWED_NOT_FULL_EDGE_PASS"
"P06","P06.S02","Thông tin sản phẩm","#p02/lookup; flow.panel=2","docs/flows/lookup/lookup.mjs","LEGACY_ADAPTED","Verified auth session + previewReady + warehouseOperations; payload must match scoped owner. Writes also require active warehouse; async epoch/context checked.","Owner remembers caller/context; route/dialog lifecycle consumes Back before restoring focus. See scoped evidence; no promise of persistence across reload.","handoff/flow/BOARD_CHECKS.json#P06","INVENTORIED_SOURCE_REVIEWED_NOT_FULL_EDGE_PASS"
"P06","P06.S03","Tồn kho sản phẩm","#p02/lookup; flow.panel=3","docs/flows/lookup/lookup.mjs","LEGACY_ADAPTED","Verified auth session + previewReady + warehouseOperations; payload must match scoped owner. Writes also require active warehouse; async epoch/context checked.","Owner remembers caller/context; route/dialog lifecycle consumes Back before restoring focus. See scoped evidence; no promise of persistence across reload.","handoff/flow/BOARD_CHECKS.json#P06","INVENTORIED_SOURCE_REVIEWED_NOT_FULL_EDGE_PASS"
"P06","P06.S04","Lịch sử giao dịch","#p02/lookup; flow.panel=4","docs/flows/lookup/lookup.mjs","LEGACY_ADAPTED","Verified auth session + previewReady + warehouseOperations; payload must match scoped owner. Writes also require active warehouse; async epoch/context checked.","Owner remembers caller/context; route/dialog lifecycle consumes Back before restoring focus. See scoped evidence; no promise of persistence across reload.","handoff/flow/BOARD_CHECKS.json#P06","INVENTORIED_SOURCE_REVIEWED_NOT_FULL_EDGE_PASS"
"P07","P07.S01","Thẻ NFC","#p02/nfc?panel=1","docs/flows/nfc/nfc.mjs","LEGACY_ADAPTED","Verified auth session + previewReady + warehouseOperations; payload must match scoped owner. Writes also require active warehouse; async epoch/context checked.","Owner remembers caller/context; route/dialog lifecycle consumes Back before restoring focus. See scoped evidence; no promise of persistence across reload.","handoff/flow/BOARD_CHECKS.json#P07","INVENTORIED_SOURCE_REVIEWED_NOT_FULL_EDGE_PASS"
"P07","P07.S02","Đọc thẻ NFC","#p02/nfc?panel=2","docs/flows/nfc/nfc.mjs","LEGACY_ADAPTED","Verified auth session + previewReady + warehouseOperations; payload must match scoped owner. Writes also require active warehouse; async epoch/context checked.","Owner remembers caller/context; route/dialog lifecycle consumes Back before restoring focus. See scoped evidence; no promise of persistence across reload.","handoff/flow/BOARD_CHECKS.json#P07","INVENTORIED_SOURCE_REVIEWED_NOT_FULL_EDGE_PASS"
"P07","P07.S03","Xác minh liên kết","#p02/nfc?panel=3","docs/flows/nfc/nfc.mjs","LEGACY_ADAPTED","Verified auth session + previewReady + warehouseOperations; payload must match scoped owner. Writes also require active warehouse; async epoch/context checked.","Owner remembers caller/context; route/dialog lifecycle consumes Back before restoring focus. See scoped evidence; no promise of persistence across reload.","handoff/flow/BOARD_CHECKS.json#P07","INVENTORIED_SOURCE_REVIEWED_NOT_FULL_EDGE_PASS"
"P07","P07.S04","Đã liên kết thẻ NFC","#p02/nfc?panel=4","docs/flows/nfc/nfc.mjs","LEGACY_ADAPTED","Verified auth session + previewReady + warehouseOperations; payload must match scoped owner. Writes also require active warehouse; async epoch/context checked.","Owner remembers caller/context; route/dialog lifecycle consumes Back before restoring focus. See scoped evidence; no promise of persistence across reload.","handoff/flow/BOARD_CHECKS.json#P07","INVENTORIED_SOURCE_REVIEWED_NOT_FULL_EDGE_PASS"
"P08","P08.S01","Lịch sử danh sách","#p02/history-list?panel=1","docs/flows/history/history.mjs","LEGACY_ADAPTED","Verified auth session + previewReady + warehouseOperations; payload must match scoped owner. Writes also require active warehouse; async epoch/context checked.","history.state.p08 + views/context map retain filters/tab/scroll/action focus; p08Back returns caller; P18 caller remembers scroll/focus.","handoff/flow/BOARD_CHECKS.json#P08","INVENTORIED_SOURCE_REVIEWED_NOT_FULL_EDGE_PASS"
"P08","P08.S02","Chi tiết lịch sử","#p02/history-list?panel=2&record=<recordId>","docs/flows/history/history.mjs","MIGRATED","Verified auth session + previewReady + warehouseOperations; payload must match scoped owner. Writes also require active warehouse; async epoch/context checked.","history.state.p08 + views/context map retain filters/tab/scroll/action focus; p08Back returns caller; P18 caller remembers scroll/focus.","handoff/flow/BOARD_CHECKS.json#P08","INVENTORIED_SOURCE_REVIEWED_NOT_FULL_EDGE_PASS"
"P08","P08.S03","Phiên quét tham chiếu","#p02/history-list?panel=3&session=<B08-sessionId>","docs/flows/history/history.mjs","LEGACY_ADAPTED","Verified auth session + previewReady + warehouseOperations; payload must match scoped owner. Writes also require active warehouse; async epoch/context checked.","history.state.p08 + views/context map retain filters/tab/scroll/action focus; p08Back returns caller; P18 caller remembers scroll/focus.","handoff/flow/BOARD_CHECKS.json#P08","INVENTORIED_SOURCE_REVIEWED_NOT_FULL_EDGE_PASS"
"P08","P08.S04","Hoạt động theo ngày","#p02/history-list?panel=4","docs/flows/history/history.mjs","LEGACY_ADAPTED","Verified auth session + previewReady + warehouseOperations; payload must match scoped owner. Writes also require active warehouse; async epoch/context checked.","history.state.p08 + views/context map retain filters/tab/scroll/action focus; p08Back returns caller; P18 caller remembers scroll/focus.","handoff/flow/BOARD_CHECKS.json#P08","INVENTORIED_SOURCE_REVIEWED_NOT_FULL_EDGE_PASS"
"P09","P09.S01","Bảo hành danh sách","#p02/warranty?panel=1","docs/flows/warranty/warranty.mjs","LEGACY_ADAPTED","Verified auth session + previewReady + warehouseOperations; payload must match scoped owner. Writes also require active warehouse; async epoch/context checked.","Owner remembers caller/context; route/dialog lifecycle consumes Back before restoring focus. See scoped evidence; no promise of persistence across reload.","handoff/flow/BOARD_CHECKS.json#P09","INVENTORIED_SOURCE_REVIEWED_NOT_FULL_EDGE_PASS"
"P09","P09.S02","Tiếp nhận bảo hành","#p02/warranty?panel=2","docs/flows/warranty/warranty.mjs","LEGACY_ADAPTED","Verified auth session + previewReady + warehouseOperations; payload must match scoped owner. Writes also require active warehouse; async epoch/context checked.","Owner remembers caller/context; route/dialog lifecycle consumes Back before restoring focus. See scoped evidence; no promise of persistence across reload.","handoff/flow/BOARD_CHECKS.json#P09","INVENTORIED_SOURCE_REVIEWED_NOT_FULL_EDGE_PASS"
"P09","P09.S03","Hồ sơ bảo hành","#p02/warranty?panel=3&case=<caseId>","docs/flows/warranty/warranty.mjs","MIGRATED","Verified auth session + previewReady + warehouseOperations; payload must match scoped owner. Writes also require active warehouse; async epoch/context checked.","Owner remembers caller/context; route/dialog lifecycle consumes Back before restoring focus. See scoped evidence; no promise of persistence across reload.","handoff/flow/BOARD_CHECKS.json#P09","INVENTORIED_SOURCE_REVIEWED_NOT_FULL_EDGE_PASS"
"P09","P09.S04","Kết quả sửa chữa","#p02/warranty?panel=4&case=<confirmed-caseId>","docs/flows/warranty/warranty.mjs","LEGACY_ADAPTED","Verified auth session + previewReady + warehouseOperations; payload must match scoped owner. Writes also require active warehouse; async epoch/context checked.","Owner remembers caller/context; route/dialog lifecycle consumes Back before restoring focus. See scoped evidence; no promise of persistence across reload.","handoff/flow/BOARD_CHECKS.json#P09","INVENTORIED_SOURCE_REVIEWED_NOT_FULL_EDGE_PASS"
"P10","P10.S01","Cá nhân","#p02/profile?panel=1","docs/flows/profile/profile.mjs","LEGACY_ADAPTED","Verified auth session + previewReady + warehouseOperations; payload must match scoped owner. Writes also require active warehouse; async epoch/context checked.","Owner remembers caller/context; route/dialog lifecycle consumes Back before restoring focus. See scoped evidence; no promise of persistence across reload.","handoff/flow/BOARD_CHECKS.json#P10","INVENTORIED_SOURCE_REVIEWED_NOT_FULL_EDGE_PASS"
"P10","P10.S02","Chỉnh sửa hồ sơ","#p02/profile?panel=2","docs/flows/profile/profile.mjs","LEGACY_ADAPTED","Verified auth session + previewReady + warehouseOperations; payload must match scoped owner. Writes also require active warehouse; async epoch/context checked.","Owner remembers caller/context; route/dialog lifecycle consumes Back before restoring focus. See scoped evidence; no promise of persistence across reload.","handoff/flow/BOARD_CHECKS.json#P10","INVENTORIED_SOURCE_REVIEWED_NOT_FULL_EDGE_PASS"
"P10","P10.S03","Công việc & quyền","#p02/profile?panel=3","docs/flows/profile/profile.mjs","LEGACY_ADAPTED","Verified auth session + previewReady + warehouseOperations; payload must match scoped owner. Writes also require active warehouse; async epoch/context checked.","Owner remembers caller/context; route/dialog lifecycle consumes Back before restoring focus. See scoped evidence; no promise of persistence across reload.","handoff/flow/BOARD_CHECKS.json#P10","INVENTORIED_SOURCE_REVIEWED_NOT_FULL_EDGE_PASS"
"P10","P10.S04","Tài khoản & bảo mật","#p02/profile?panel=4","docs/flows/profile/profile.mjs","LEGACY_ADAPTED","Verified auth session + previewReady + warehouseOperations; payload must match scoped owner. Writes also require active warehouse; async epoch/context checked.","Owner remembers caller/context; route/dialog lifecycle consumes Back before restoring focus. See scoped evidence; no promise of persistence across reload.","handoff/flow/BOARD_CHECKS.json#P10","INVENTORIED_SOURCE_REVIEWED_NOT_FULL_EDGE_PASS"
"P11","P11.S01","Đổi mật khẩu","#p02/security?panel=1","docs/flows/security/security.mjs","LEGACY_ADAPTED","Verified auth session + previewReady + warehouseOperations; payload must match scoped owner. Writes also require active warehouse; async epoch/context checked.","Owner remembers caller/context; route/dialog lifecycle consumes Back before restoring focus. See scoped evidence; no promise of persistence across reload.","handoff/flow/BOARD_CHECKS.json#P11","INVENTORIED_SOURCE_REVIEWED_NOT_FULL_EDGE_PASS"
"P11","P11.S02","Xác thực thông tin — lỗi","#p02/security?panel=2","docs/flows/security/security.mjs","LEGACY_ADAPTED","Verified auth session + previewReady + warehouseOperations; payload must match scoped owner. Writes also require active warehouse; async epoch/context checked.","Owner remembers caller/context; route/dialog lifecycle consumes Back before restoring focus. See scoped evidence; no promise of persistence across reload.","handoff/flow/BOARD_CHECKS.json#P11","INVENTORIED_SOURCE_REVIEWED_NOT_FULL_EDGE_PASS"
"P11","P11.S03","Đã đổi mật khẩu","#p02/security?panel=3","docs/flows/security/security.mjs","LEGACY_ADAPTED","Verified auth session + previewReady + warehouseOperations; payload must match scoped owner. Writes also require active warehouse; async epoch/context checked.","Owner remembers caller/context; route/dialog lifecycle consumes Back before restoring focus. See scoped evidence; no promise of persistence across reload.","handoff/flow/BOARD_CHECKS.json#P11","INVENTORIED_SOURCE_REVIEWED_NOT_FULL_EDGE_PASS"
"P11","P11.S04","Phiên đăng nhập","#p02/security?panel=4","docs/flows/security/security.mjs","LEGACY_ADAPTED","Verified auth session + previewReady + warehouseOperations; payload must match scoped owner. Writes also require active warehouse; async epoch/context checked.","Owner remembers caller/context; route/dialog lifecycle consumes Back before restoring focus. See scoped evidence; no promise of persistence across reload.","handoff/flow/BOARD_CHECKS.json#P11","INVENTORIED_SOURCE_REVIEWED_NOT_FULL_EDGE_PASS"
"P12","P12.S01","Chứng từ danh sách","#p02/documents?panel=1","docs/flows/documents/documents.mjs","MIGRATED","Verified auth session + previewReady + warehouseOperations; payload must match scoped owner. Writes also require active warehouse; async epoch/context checked.","Owner remembers caller/context; route/dialog lifecycle consumes Back before restoring focus. See scoped evidence; no promise of persistence across reload.","handoff/flow/BOARD_CHECKS.json#P12","INVENTORIED_SOURCE_REVIEWED_NOT_FULL_EDGE_PASS"
"P12","P12.S02","Chi tiết chứng từ","#p02/documents?panel=2&doc=<documentId>","docs/flows/documents/documents.mjs","MIGRATED","Verified auth session + previewReady + warehouseOperations; payload must match scoped owner. Writes also require active warehouse; async epoch/context checked.","Owner remembers caller/context; route/dialog lifecycle consumes Back before restoring focus. See scoped evidence; no promise of persistence across reload.","handoff/flow/BOARD_CHECKS.json#P12","INVENTORIED_SOURCE_REVIEWED_NOT_FULL_EDGE_PASS"
"P12","P12.S03","Sản phẩm trong chứng từ","#p02/documents?panel=3&doc=<documentId>","docs/flows/documents/documents.mjs","MIGRATED","Verified auth session + previewReady + warehouseOperations; payload must match scoped owner. Writes also require active warehouse; async epoch/context checked.","Owner remembers caller/context; route/dialog lifecycle consumes Back before restoring focus. See scoped evidence; no promise of persistence across reload.","handoff/flow/BOARD_CHECKS.json#P12","INVENTORIED_SOURCE_REVIEWED_NOT_FULL_EDGE_PASS"
"P12","P12.S04","Tạo chứng từ mới","#p02/documents?panel=4","docs/flows/documents/documents.mjs","MIGRATED","Verified auth session + previewReady + warehouseOperations; payload must match scoped owner. Writes also require active warehouse; async epoch/context checked.","Owner remembers caller/context; route/dialog lifecycle consumes Back before restoring focus. See scoped evidence; no promise of persistence across reload.","handoff/flow/BOARD_CHECKS.json#P12","INVENTORIED_SOURCE_REVIEWED_NOT_FULL_EDGE_PASS"
"P13","P13.S01","Danh sách thông báo","#p02/notifications?panel=1; selected notification/document IDs in owner","docs/flows/notifications/notifications.mjs","LEGACY_ADAPTED","Verified auth session + previewReady + warehouseOperations; payload must match scoped owner. Writes also require active warehouse; async epoch/context checked.","Owner remembers caller/context; route/dialog lifecycle consumes Back before restoring focus. See scoped evidence; no promise of persistence across reload.","handoff/flow/BOARD_CHECKS.json#P13","INVENTORIED_SOURCE_REVIEWED_NOT_FULL_EDGE_PASS"
"P13","P13.S02","Chi tiết thông báo","#p02/notifications?panel=2; selected notification/document IDs in owner","docs/flows/notifications/notifications.mjs","LEGACY_ADAPTED","Verified auth session + previewReady + warehouseOperations; payload must match scoped owner. Writes also require active warehouse; async epoch/context checked.","Owner remembers caller/context; route/dialog lifecycle consumes Back before restoring focus. See scoped evidence; no promise of persistence across reload.","handoff/flow/BOARD_CHECKS.json#P13","INVENTORIED_SOURCE_REVIEWED_NOT_FULL_EDGE_PASS"
"P13","P13.S03","Danh sách chờ phê duyệt cũ → theo dõi phiếu chờ Web","#p02/notifications?panel=3; selected notification/document IDs in owner","docs/flows/notifications/notifications.mjs","MIGRATED","Verified auth session + previewReady + warehouseOperations; payload must match scoped owner. Writes also require active warehouse; async epoch/context checked.","Owner remembers caller/context; route/dialog lifecycle consumes Back before restoring focus. See scoped evidence; no promise of persistence across reload.","handoff/flow/BOARD_CHECKS.json#P13","INVENTORIED_SOURCE_REVIEWED_NOT_FULL_EDGE_PASS"
"P13","P13.S04","Duyệt chứng từ cũ → chi tiết chờ xử lý Web","#p02/notifications?panel=4; selected notification/document IDs in owner","docs/flows/notifications/notifications.mjs","MIGRATED","Verified auth session + previewReady + warehouseOperations; payload must match scoped owner. Writes also require active warehouse; async epoch/context checked.","Owner remembers caller/context; route/dialog lifecycle consumes Back before restoring focus. See scoped evidence; no promise of persistence across reload.","handoff/flow/BOARD_CHECKS.json#P13","INVENTORIED_SOURCE_REVIEWED_NOT_FULL_EDGE_PASS"
"P14","P14.S01","Khôi phục tài khoản","#recovery; recovery form","docs/flows/recovery-shift/view.mjs","LEGACY_ADAPTED","Recovery mode anonymous; shift mode authenticated. UNKNOWN and unretained draft prevent unsafe logout.","Owner remembers caller/context; route/dialog lifecycle consumes Back before restoring focus. See scoped evidence; no promise of persistence across reload.","handoff/flow/BOARD_CHECKS.json#P14","INVENTORIED_SOURCE_REVIEWED_NOT_FULL_EDGE_PASS"
"P14","P14.S02","Yêu cầu đã tiếp nhận","#recovery; verified recovery receipt","docs/flows/recovery-shift/view.mjs","LEGACY_ADAPTED","Recovery mode anonymous; shift mode authenticated. UNKNOWN and unretained draft prevent unsafe logout.","Owner remembers caller/context; route/dialog lifecycle consumes Back before restoring focus. See scoped evidence; no promise of persistence across reload.","handoff/flow/BOARD_CHECKS.json#P14","INVENTORIED_SOURCE_REVIEWED_NOT_FULL_EDGE_PASS"
"P14","P14.S03","Kết thúc ca có phiếu dở","#p02/shift; pending records","docs/flows/recovery-shift/view.mjs","LEGACY_ADAPTED","Recovery mode anonymous; shift mode authenticated. UNKNOWN and unretained draft prevent unsafe logout.","Owner remembers caller/context; route/dialog lifecycle consumes Back before restoring focus. See scoped evidence; no promise of persistence across reload.","handoff/flow/BOARD_CHECKS.json#P14","INVENTORIED_SOURCE_REVIEWED_NOT_FULL_EDGE_PASS"
"P14","P14.S04","Tổng kết ca","#p02/shift; summary","docs/flows/recovery-shift/view.mjs","LEGACY_ADAPTED","Recovery mode anonymous; shift mode authenticated. UNKNOWN and unretained draft prevent unsafe logout.","Owner remembers caller/context; route/dialog lifecycle consumes Back before restoring focus. See scoped evidence; no promise of persistence across reload.","handoff/flow/BOARD_CHECKS.json#P14","INVENTORIED_SOURCE_REVIEWED_NOT_FULL_EDGE_PASS"
"P15","P15.S01","Mất kết nối mạng","caller hash; system kind=connection","docs/flows/system/view.mjs","LEGACY_ADAPTED","Verified auth session + previewReady + warehouseOperations; payload must match scoped owner. Writes also require active warehouse; async epoch/context checked.","Owner remembers caller/context; route/dialog lifecycle consumes Back before restoring focus. See scoped evidence; no promise of persistence across reload.","handoff/flow/BOARD_CHECKS.json#P15","INVENTORIED_SOURCE_REVIEWED_NOT_FULL_EDGE_PASS"
"P15","P15.S02","Phiên đăng nhập hết hạn","caller hash; system kind=expired","docs/flows/system/view.mjs","LEGACY_ADAPTED","Verified auth session + previewReady + warehouseOperations; payload must match scoped owner. Writes also require active warehouse; async epoch/context checked.","Owner remembers caller/context; route/dialog lifecycle consumes Back before restoring focus. See scoped evidence; no promise of persistence across reload.","handoff/flow/BOARD_CHECKS.json#P15","INVENTORIED_SOURCE_REVIEWED_NOT_FULL_EDGE_PASS"
"P15","P15.S03","Không có quyền","caller hash; system kind=forbidden","docs/flows/system/view.mjs","LEGACY_ADAPTED","Verified auth session + previewReady + warehouseOperations; payload must match scoped owner. Writes also require active warehouse; async epoch/context checked.","Owner remembers caller/context; route/dialog lifecycle consumes Back before restoring focus. See scoped evidence; no promise of persistence across reload.","handoff/flow/BOARD_CHECKS.json#P15","INVENTORIED_SOURCE_REVIEWED_NOT_FULL_EDGE_PASS"
"P15","P15.S04","Quyền thiết bị Camera & NFC","caller hash; system kind=device","docs/flows/system/view.mjs","LEGACY_ADAPTED","Verified auth session + previewReady + warehouseOperations; payload must match scoped owner. Writes also require active warehouse; async epoch/context checked.","Owner remembers caller/context; route/dialog lifecycle consumes Back before restoring focus. See scoped evidence; no promise of persistence across reload.","handoff/flow/BOARD_CHECKS.json#P15","INVENTORIED_SOURCE_REVIEWED_NOT_FULL_EDGE_PASS"
"P16","P16.S01","Đang tải chứng từ","#p02/documents; loading","docs/flows/data-states/view.mjs","LEGACY_ADAPTED","P12 query generation, same session/warehouse/cache key; missing source is not empty success.","Owner remembers caller/context; route/dialog lifecycle consumes Back before restoring focus. See scoped evidence; no promise of persistence across reload.","handoff/flow/BOARD_CHECKS.json#P16","INVENTORIED_SOURCE_REVIEWED_NOT_FULL_EDGE_PASS"
"P16","P16.S02","Chưa có chứng từ","#p02/documents; empty","docs/flows/data-states/view.mjs","LEGACY_ADAPTED","P12 query generation, same session/warehouse/cache key; missing source is not empty success.","Owner remembers caller/context; route/dialog lifecycle consumes Back before restoring focus. See scoped evidence; no promise of persistence across reload.","handoff/flow/BOARD_CHECKS.json#P16","INVENTORIED_SOURCE_REVIEWED_NOT_FULL_EDGE_PASS"
"P16","P16.S03","Không tìm thấy kết quả","#p02/documents; filtered no-results","docs/flows/data-states/view.mjs","LEGACY_ADAPTED","P12 query generation, same session/warehouse/cache key; missing source is not empty success.","Owner remembers caller/context; route/dialog lifecycle consumes Back before restoring focus. See scoped evidence; no promise of persistence across reload.","handoff/flow/BOARD_CHECKS.json#P16","INVENTORIED_SOURCE_REVIEWED_NOT_FULL_EDGE_PASS"
"P16","P16.S04","Không tải được dữ liệu","#p02/documents; read-error","docs/flows/data-states/view.mjs","LEGACY_ADAPTED","P12 query generation, same session/warehouse/cache key; missing source is not empty success.","Owner remembers caller/context; route/dialog lifecycle consumes Back before restoring focus. See scoped evidence; no promise of persistence across reload.","handoff/flow/BOARD_CHECKS.json#P16","INVENTORIED_SOURCE_REVIEWED_NOT_FULL_EDGE_PASS"
"P17","P17.S01","Mã không hợp lệ","#p02/inbound; invalid scan exception","docs/flows/scan-exceptions/view.mjs","LEGACY_ADAPTED","Verified auth session + previewReady + warehouseOperations; payload must match scoped owner. Writes also require active warehouse; async epoch/context checked.","Owner remembers caller/context; route/dialog lifecycle consumes Back before restoring focus. See scoped evidence; no promise of persistence across reload.","handoff/flow/BOARD_CHECKS.json#P17","INVENTORIED_SOURCE_REVIEWED_NOT_FULL_EDGE_PASS"
"P17","P17.S02","Mã không thể xuất","#p02/outbound; blocked scan exception","docs/flows/scan-exceptions/view.mjs","LEGACY_ADAPTED","Verified auth session + previewReady + warehouseOperations; payload must match scoped owner. Writes also require active warehouse; async epoch/context checked.","Owner remembers caller/context; route/dialog lifecycle consumes Back before restoring focus. See scoped evidence; no promise of persistence across reload.","handoff/flow/BOARD_CHECKS.json#P17","INVENTORIED_SOURCE_REVIEWED_NOT_FULL_EDGE_PASS"
"P17","P17.S03","Thẻ đã liên kết","#p02/nfc; linked-tag conflict","docs/flows/scan-exceptions/view.mjs","LEGACY_ADAPTED","Verified auth session + previewReady + warehouseOperations; payload must match scoped owner. Writes also require active warehouse; async epoch/context checked.","Owner remembers caller/context; route/dialog lifecycle consumes Back before restoring focus. See scoped evidence; no promise of persistence across reload.","handoff/flow/BOARD_CHECKS.json#P17","INVENTORIED_SOURCE_REVIEWED_NOT_FULL_EDGE_PASS"
"P17","P17.S04","Đang xác minh kết quả gửi","#p02/inbound or #p02/outbound; UNKNOWN record","docs/flows/scan-exceptions/view.mjs","LEGACY_ADAPTED","Verified auth session + previewReady + warehouseOperations; payload must match scoped owner. Writes also require active warehouse; async epoch/context checked.","Owner remembers caller/context; route/dialog lifecycle consumes Back before restoring focus. See scoped evidence; no promise of persistence across reload.","handoff/flow/BOARD_CHECKS.json#P17","INVENTORIED_SOURCE_REVIEWED_NOT_FULL_EDGE_PASS"
"P18","P18.S01","Tệp đính kèm PN-0005","#p02/attachments?panel=1&doc=<documentId>","docs/flows/attachments/view.mjs","LEGACY_ADAPTED","Verified auth session + previewReady + warehouseOperations; payload must match scoped owner. Writes also require active warehouse; async epoch/context checked.","Owner remembers caller/context; route/dialog lifecycle consumes Back before restoring focus. See scoped evidence; no promise of persistence across reload.","handoff/flow/BOARD_CHECKS.json#P18","INVENTORIED_SOURCE_REVIEWED_NOT_FULL_EDGE_PASS"
"P18","P18.S02","Xem tài liệu 1/2","#p02/attachments?panel=2&doc=<documentId>&file=<fileId>","docs/flows/attachments/view.mjs","LEGACY_ADAPTED","Verified auth session + previewReady + warehouseOperations; payload must match scoped owner. Writes also require active warehouse; async epoch/context checked.","Owner remembers caller/context; route/dialog lifecycle consumes Back before restoring focus. See scoped evidence; no promise of persistence across reload.","handoff/flow/BOARD_CHECKS.json#P18","INVENTORIED_SOURCE_REVIEWED_NOT_FULL_EDGE_PASS"
"P18","P18.S03","Bàn giao bảo hành BH-001","#p02/attachments?panel=3&case=<caseId>","docs/flows/attachments/view.mjs","MIGRATED","Verified auth session + previewReady + warehouseOperations; payload must match scoped owner. Writes also require active warehouse; async epoch/context checked.","Owner remembers caller/context; route/dialog lifecycle consumes Back before restoring focus. See scoped evidence; no promise of persistence across reload.","handoff/flow/BOARD_CHECKS.json#P18","INVENTORIED_SOURCE_REVIEWED_NOT_FULL_EDGE_PASS"
"P18","P18.S04","Vị trí linh kiện kho","#p02/attachments?panel=4&item=<itemId>","docs/flows/attachments/view.mjs","MIGRATED","Verified auth session + previewReady + warehouseOperations; payload must match scoped owner. Writes also require active warehouse; async epoch/context checked.","Owner remembers caller/context; route/dialog lifecycle consumes Back before restoring focus. See scoped evidence; no promise of persistence across reload.","handoff/flow/BOARD_CHECKS.json#P18","INVENTORIED_SOURCE_REVIEWED_NOT_FULL_EDGE_PASS"
"P19","P19.S01","Quét linh kiện / mã hộp — scan","#p02/component-issue?case=<caseId>&doc=<documentId>&panel=1","docs/flows/warranty-components/issue-view.mjs","CURRENT","Verified auth session + previewReady + warehouseOperations; payload must match scoped owner. Writes also require active warehouse; async epoch/context checked.","Scan Back -> P21 same owner; review Back -> scan; UNKNOWN stays locked; no discard by navigation.","handoff/flow/BOARD_CHECKS.json#P19","INVENTORIED_SOURCE_REVIEWED_NOT_FULL_EDGE_PASS"
"P19","P19.S02","Nhập số lượng hộp — quantity","same caller hash; quantity sheet","docs/flows/warranty-components/issue-view.mjs","CURRENT","Verified auth session + previewReady + warehouseOperations; payload must match scoped owner. Writes also require active warehouse; async epoch/context checked.","Scan Back -> P21 same owner; review Back -> scan; UNKNOWN stays locked; no discard by navigation.","handoff/flow/BOARD_CHECKS.json#P19","INVENTORIED_SOURCE_REVIEWED_NOT_FULL_EDGE_PASS"
"P19","P19.S03","Xác nhận xuất linh kiện — review","#p02/component-issue?case=<caseId>&doc=<documentId>&panel=3","docs/flows/warranty-components/issue-view.mjs","CURRENT","Verified auth session + previewReady + warehouseOperations; payload must match scoped owner. Writes also require active warehouse; async epoch/context checked.","Scan Back -> P21 same owner; review Back -> scan; UNKNOWN stays locked; no discard by navigation.","handoff/flow/BOARD_CHECKS.json#P19","INVENTORIED_SOURCE_REVIEWED_NOT_FULL_EDGE_PASS"
"P19","P19.S04","Xuất thành công — success","#p02/component-issue?case=<caseId>&doc=<documentId>&panel=4; verified receipt required","docs/flows/warranty-components/issue-view.mjs","CURRENT","Verified auth session + previewReady + warehouseOperations; payload must match scoped owner. Writes also require active warehouse; async epoch/context checked.","Scan Back -> P21 same owner; review Back -> scan; UNKNOWN stays locked; no discard by navigation.","handoff/flow/BOARD_CHECKS.json#P19","INVENTORIED_SOURCE_REVIEWED_NOT_FULL_EDGE_PASS"
"P20","P20.S01","Phiếu linh kiện đã xuất — history","#p02/component-history?case=<caseId>; ready","docs/flows/warranty-components/history-view.mjs","CURRENT","Verified auth session + previewReady + warehouseOperations; payload must match scoped owner. Writes also require active warehouse; async epoch/context checked.","Remember case/list/cursor/scroll/focus; late reads ignored after leave; p20From returns verified caller.","handoff/flow/BOARD_CHECKS.json#P20","INVENTORIED_SOURCE_REVIEWED_NOT_FULL_EDGE_PASS"
"P20","P20.S02","Tải thêm lịch sử — history-loading","same hash; history-loading","docs/flows/warranty-components/history-view.mjs","CURRENT","Verified auth session + previewReady + warehouseOperations; payload must match scoped owner. Writes also require active warehouse; async epoch/context checked.","Remember case/list/cursor/scroll/focus; late reads ignored after leave; p20From returns verified caller.","handoff/flow/BOARD_CHECKS.json#P20","INVENTORIED_SOURCE_REVIEWED_NOT_FULL_EDGE_PASS"
"P20","P20.S03","Lỗi tải lịch sử — history-error","same hash; history-error","docs/flows/warranty-components/history-view.mjs","CURRENT","Verified auth session + previewReady + warehouseOperations; payload must match scoped owner. Writes also require active warehouse; async epoch/context checked.","Remember case/list/cursor/scroll/focus; late reads ignored after leave; p20From returns verified caller.","handoff/flow/BOARD_CHECKS.json#P20","INVENTORIED_SOURCE_REVIEWED_NOT_FULL_EDGE_PASS"
"P20","P20.S04","Chưa có phiếu xuất — empty","same hash; verified empty","docs/flows/warranty-components/history-view.mjs","CURRENT","Verified auth session + previewReady + warehouseOperations; payload must match scoped owner. Writes also require active warehouse; async epoch/context checked.","Remember case/list/cursor/scroll/focus; late reads ignored after leave; p20From returns verified caller.","handoff/flow/BOARD_CHECKS.json#P20","INVENTORIED_SOURCE_REVIEWED_NOT_FULL_EDGE_PASS"
"P21","P21.S01","Phiếu đang thực hiện — drafts","#p02/component-resume?panel=1","docs/flows/warranty-components/resume-view.mjs","CURRENT","Verified auth session + previewReady + warehouseOperations; payload must match scoped owner. Writes also require active warehouse; async epoch/context checked.","Detail Back -> drafts; drafts Back -> Home; verified checkpoint required before continuing scan.","handoff/flow/BOARD_CHECKS.json#P21","INVENTORIED_SOURCE_REVIEWED_NOT_FULL_EDGE_PASS"
"P21","P21.S02","Tiếp tục đúng phiếu — resume","#p02/component-resume?panel=2&doc=<documentId>","docs/flows/warranty-components/resume-view.mjs","CURRENT","Verified auth session + previewReady + warehouseOperations; payload must match scoped owner. Writes also require active warehouse; async epoch/context checked.","Detail Back -> drafts; drafts Back -> Home; verified checkpoint required before continuing scan.","handoff/flow/BOARD_CHECKS.json#P21","INVENTORIED_SOURCE_REVIEWED_NOT_FULL_EDGE_PASS"
"P21","P21.S03","Cần đối chiếu trên Web — reconcile","#p02/component-resume?panel=3&doc=<documentId>","docs/flows/warranty-components/resume-view.mjs","CURRENT","Verified auth session + previewReady + warehouseOperations; payload must match scoped owner. Writes also require active warehouse; async epoch/context checked.","Detail Back -> drafts; drafts Back -> Home; verified checkpoint required before continuing scan.","handoff/flow/BOARD_CHECKS.json#P21","INVENTORIED_SOURCE_REVIEWED_NOT_FULL_EDGE_PASS"
"P21","P21.S04","Kiểm tra kết quả xuất — post-check","#p02/component-resume?panel=4&doc=<documentId>","docs/flows/warranty-components/resume-view.mjs","CURRENT","Verified auth session + previewReady + warehouseOperations; payload must match scoped owner. Writes also require active warehouse; async epoch/context checked.","Detail Back -> drafts; drafts Back -> Home; verified checkpoint required before continuing scan.","handoff/flow/BOARD_CHECKS.json#P21","INVENTORIED_SOURCE_REVIEWED_NOT_FULL_EDGE_PASS"
"P22","P22.S01","Lịch sử thao tác — history-hub","#p02/history; iframe history-hub","docs/flows/history/nfc-audit-view.mjs","MIGRATED","Event source scope/complete/confirmed required; read-only; no audit synthesis from tag state.","Owner remembers caller/context; route/dialog lifecycle consumes Back before restoring focus. See scoped evidence; no promise of persistence across reload.","handoff/flow/BOARD_CHECKS.json#P22","INVENTORIED_SOURCE_REVIEWED_NOT_FULL_EDGE_PASS"
"P22","P22.S02","Lịch sử NFC — nfc","#p02/history?scene=nfc","docs/flows/history/nfc-audit-view.mjs","CURRENT","Event source scope/complete/confirmed required; read-only; no audit synthesis from tag state.","Owner remembers caller/context; route/dialog lifecycle consumes Back before restoring focus. See scoped evidence; no promise of persistence across reload.","handoff/flow/BOARD_CHECKS.json#P22","INVENTORIED_SOURCE_REVIEWED_NOT_FULL_EDGE_PASS"
"P22","P22.S03","Chi tiết thao tác NFC — nfc-detail","#p02/history?scene=nfc-detail&event=<eventId>","docs/flows/history/nfc-audit-view.mjs","CURRENT","Event source scope/complete/confirmed required; read-only; no audit synthesis from tag state.","Owner remembers caller/context; route/dialog lifecycle consumes Back before restoring focus. See scoped evidence; no promise of persistence across reload.","handoff/flow/BOARD_CHECKS.json#P22","INVENTORIED_SOURCE_REVIEWED_NOT_FULL_EDGE_PASS"
"P22","P22.S04","Chưa có dữ liệu lịch sử — events-unavailable","#p02/history?scene=events-unavailable","docs/flows/history/nfc-audit-view.mjs","CURRENT","Event source scope/complete/confirmed required; read-only; no audit synthesis from tag state.","Owner remembers caller/context; route/dialog lifecycle consumes Back before restoring focus. See scoped evidence; no promise of persistence across reload.","handoff/flow/BOARD_CHECKS.json#P22","INVENTORIED_SOURCE_REVIEWED_NOT_FULL_EDGE_PASS"
"P23","P23.S01","Lịch sử bảo hành — warranty","#p02/history?scene=warranty","docs/flows/history/warranty-session-view.mjs","CURRENT","Same case/session/warehouse; receipt explicit and POSTED; closed cases read-only.","Owner remembers caller/context; route/dialog lifecycle consumes Back before restoring focus. See scoped evidence; no promise of persistence across reload.","handoff/flow/BOARD_CHECKS.json#P23","INVENTORIED_SOURCE_REVIEWED_NOT_FULL_EDGE_PASS"
"P23","P23.S02","Quá trình xử lý hồ sơ — warranty-detail","#p02/history?scene=warranty-detail&case=<caseId>","docs/flows/history/warranty-session-view.mjs","CURRENT","Same case/session/warehouse; receipt explicit and POSTED; closed cases read-only.","Owner remembers caller/context; route/dialog lifecycle consumes Back before restoring focus. See scoped evidence; no promise of persistence across reload.","handoff/flow/BOARD_CHECKS.json#P23","INVENTORIED_SOURCE_REVIEWED_NOT_FULL_EDGE_PASS"
"P23","P23.S03","Lịch sử phiên quét — sessions","#p02/history?scene=sessions","docs/flows/history/warranty-session-view.mjs","CURRENT","Same case/session/warehouse; receipt explicit and POSTED; closed cases read-only.","Owner remembers caller/context; route/dialog lifecycle consumes Back before restoring focus. See scoped evidence; no promise of persistence across reload.","handoff/flow/BOARD_CHECKS.json#P23","INVENTORIED_SOURCE_REVIEWED_NOT_FULL_EDGE_PASS"
"P23","P23.S04","Chi tiết phiên quét — session-detail","#p02/history?scene=session-detail&session=<sessionId>","docs/flows/history/warranty-session-view.mjs","CURRENT","Same case/session/warehouse; receipt explicit and POSTED; closed cases read-only.","Owner remembers caller/context; route/dialog lifecycle consumes Back before restoring focus. See scoped evidence; no promise of persistence across reload.","handoff/flow/BOARD_CHECKS.json#P23","INVENTORIED_SOURCE_REVIEWED_NOT_FULL_EDGE_PASS"
"P24","P24.S01","Số lượng vượt tồn — quantity-invalid","P19 quantity sheet; quantity-invalid","docs/flows/shared/waiting-web.mjs","CURRENT","Verified auth session + previewReady + warehouseOperations; payload must match scoped owner. Writes also require active warehouse; async epoch/context checked.","Owner remembers caller/context; route/dialog lifecycle consumes Back before restoring focus. See scoped evidence; no promise of persistence across reload.","handoff/flow/BOARD_CHECKS.json#P24","INVENTORIED_SOURCE_REVIEWED_NOT_FULL_EDGE_PASS"
"P24","P24.S02","Mã hộp chưa thể xuất — scan-error","P19 scan; scan-error","docs/flows/shared/waiting-web.mjs","CURRENT","Verified auth session + previewReady + warehouseOperations; payload must match scoped owner. Writes also require active warehouse; async epoch/context checked.","Owner remembers caller/context; route/dialog lifecycle consumes Back before restoring focus. See scoped evidence; no promise of persistence across reload.","handoff/flow/BOARD_CHECKS.json#P24","INVENTORIED_SOURCE_REVIEWED_NOT_FULL_EDGE_PASS"
"P24","P24.S03","Chờ xử lý trên Web — waiting-web","P04/P05 recorded result; waiting-web","docs/flows/shared/waiting-web.mjs","CURRENT","Verified auth session + previewReady + warehouseOperations; payload must match scoped owner. Writes also require active warehouse; async epoch/context checked.","Owner remembers caller/context; route/dialog lifecycle consumes Back before restoring focus. See scoped evidence; no promise of persistence across reload.","handoff/flow/BOARD_CHECKS.json#P24","INVENTORIED_SOURCE_REVIEWED_NOT_FULL_EDGE_PASS"
"P24","P24.S04","Hồ sơ đã trả khách — closed","P20 closed case; read-only","docs/flows/shared/waiting-web.mjs","CURRENT","Verified auth session + previewReady + warehouseOperations; payload must match scoped owner. Writes also require active warehouse; async epoch/context checked.","Owner remembers caller/context; route/dialog lifecycle consumes Back before restoring focus. See scoped evidence; no promise of persistence across reload.","handoff/flow/BOARD_CHECKS.json#P24","INVENTORIED_SOURCE_REVIEWED_NOT_FULL_EDGE_PASS"
