"edge_id","origin_state","action","guard","payload_ids","destination","source_reference","back_scroll_focus","response_error_cancel","evidence","status"
"STATE-P01.S01","unauthenticated","load / logout / login CTA","Auth credential epoch; start receipt verified; warehouse and permissions confirmed; UNKNOWN must check before retry.","See owner model; IDs not inferred from display labels","#login","docs/flows/auth-session/app.mjs","Owner remembers caller/context; route/dialog lifecycle consumes Back before restoring focus. See scoped evidence; no promise of persistence across reload.","Credential form; no Home data","handoff/flow/evidence/P01-regression.log","SOURCE_REVIEWED_SUITE_EVIDENCE_ONLY"
"STATE-P01.S02","P01.S01","submit credentials","Auth credential epoch; start receipt verified; warehouse and permissions confirmed; UNKNOWN must check before retry.","See owner model; IDs not inferred from display labels","#confirmation","docs/flows/auth-session/app.mjs","Owner remembers caller/context; route/dialog lifecycle consumes Back before restoring focus. See scoped evidence; no promise of persistence across reload.","Fixture auth success; validation/failure stays form","handoff/flow/evidence/P01-regression.log","SOURCE_REVIEWED_SUITE_EVIDENCE_ONLY"
"STATE-P02.S01","P01.S02","start","Verified auth session + previewReady + warehouseOperations; payload must match scoped owner. Writes also require active warehouse; async epoch/context checked.","See owner model; IDs not inferred from display labels","#home","docs/flows/home/home.mjs","Owner remembers caller/context; route/dialog lifecycle consumes Back before restoring focus. See scoped evidence; no promise of persistence across reload.","Confirmed start receipt; denied/UNKNOWN cannot enter","handoff/flow/evidence/P02-regression.log","SOURCE_REVIEWED_SUITE_EVIDENCE_ONLY"
"STATE-P03.S01","caller","openPicker / scan tab","Verified auth session + previewReady + warehouseOperations; payload must match scoped owner. Writes also require active warehouse; async epoch/context checked.","See owner model; IDs not inferred from display labels","caller hash; panel=P03.S01","docs/flows/scanner-dialogs/dialog-flow.mjs","Owner remembers caller/context; route/dialog lifecycle consumes Back before restoring focus. See scoped evidence; no promise of persistence across reload.","Operation not selected; Escape/cancel restores caller","handoff/flow/evidence/P03-regression.log","SOURCE_REVIEWED_SUITE_EVIDENCE_ONLY"
"STATE-P03.S02","caller with fixture draft","openUnfinished / openPicker","Verified auth session + previewReady + warehouseOperations; payload must match scoped owner. Writes also require active warehouse; async epoch/context checked.","See owner model; IDs not inferred from display labels","caller hash; panel=P03.S02","docs/flows/scanner-dialogs/dialog-flow.mjs","Owner remembers caller/context; route/dialog lifecycle consumes Back before restoring focus. See scoped evidence; no promise of persistence across reload.","Keep document/session/version/codes; legacy resume missing owner","handoff/flow/evidence/P03-regression.log","SOURCE_REVIEWED_SUITE_EVIDENCE_ONLY"
"STATE-P03.S03","write caller","writeGuard / showStopped","Verified auth session + previewReady + warehouseOperations; payload must match scoped owner. Writes also require active warehouse; async epoch/context checked.","See owner model; IDs not inferred from display labels","caller hash; panel=P03.S03","docs/flows/scanner-dialogs/dialog-flow.mjs","Owner remembers caller/context; route/dialog lifecycle consumes Back before restoring focus. See scoped evidence; no promise of persistence across reload.","No write; close does not clear warehouse guard","handoff/flow/evidence/P03-regression.log","SOURCE_REVIEWED_SUITE_EVIDENCE_ONLY"
"STATE-P03.S04","P03.S02","requestDiscard","Verified auth session + previewReady + warehouseOperations; payload must match scoped owner. Writes also require active warehouse; async epoch/context checked.","See owner model; IDs not inferred from display labels","caller hash; panel=P03.S04","docs/flows/scanner-dialogs/dialog-flow.mjs","Owner remembers caller/context; route/dialog lifecycle consumes Back before restoring focus. See scoped evidence; no promise of persistence across reload.","Cancel retains draft; confirm only discards authorized unsaved data","handoff/flow/evidence/P03-regression.log","SOURCE_REVIEWED_SUITE_EVIDENCE_ONLY"
"STATE-P04.S01","P02/P03/P12","inbound route / create","Verified auth session + previewReady + warehouseOperations; payload must match scoped owner. Writes also require active warehouse; async epoch/context checked.","See owner model; IDs not inferred from display labels","#p02/inbound; flow.step=1","docs/flows/inbound/inbound.mjs","Owner retains draft in page memory; waiting result return keyed by exact documentId; Back/Forward cannot resend.","New owner or exact pending owner; no record","handoff/flow/evidence/P04-regression.log","SOURCE_REVIEWED_SUITE_EVIDENCE_ONLY"
"STATE-P04.S02","P04.S01","data-p04=next","Verified auth session + previewReady + warehouseOperations; payload must match scoped owner. Writes also require active warehouse; async epoch/context checked.","See owner model; IDs not inferred from display labels","#p02/inbound; flow.step=2","docs/flows/inbound/inbound.mjs","Owner retains draft in page memory; waiting result return keyed by exact documentId; Back/Forward cannot resend.","Metadata validated; scan/manual share owner","handoff/flow/evidence/P04-regression.log","SOURCE_REVIEWED_SUITE_EVIDENCE_ONLY"
"STATE-P04.S03","P04.S02","data-p04=next","Verified auth session + previewReady + warehouseOperations; payload must match scoped owner. Writes also require active warehouse; async epoch/context checked.","See owner model; IDs not inferred from display labels","#p02/inbound; flow.step=3","docs/flows/inbound/inbound.mjs","Owner retains draft in page memory; waiting result return keyed by exact documentId; Back/Forward cannot resend.","Review accepted codes; Back preserves draft","handoff/flow/evidence/P04-regression.log","SOURCE_REVIEWED_SUITE_EVIDENCE_ONLY"
"STATE-P04.S04","P04.S03/P17.S04","data-p04=send / check","Verified auth session + previewReady + warehouseOperations; payload must match scoped owner. Writes also require active warehouse; async epoch/context checked.","See owner model; IDs not inferred from display labels","#p02/inbound; flow.step=4","docs/flows/inbound/inbound.mjs","Owner retains draft in page memory; waiting result return keyed by exact documentId; Back/Forward cannot resend.","Only verified record -> waiting Web; no Post/inventory delta","handoff/flow/evidence/P04-regression.log","SOURCE_REVIEWED_SUITE_EVIDENCE_ONLY"
"STATE-P05.S01","P02/P03/P12","outbound route / create","Verified auth session + previewReady + warehouseOperations; payload must match scoped owner. Writes also require active warehouse; async epoch/context checked.","See owner model; IDs not inferred from display labels","#p02/outbound; flow.step=1","docs/flows/outbound/outbound.mjs","Owner retains draft in page memory; waiting result return keyed by exact documentId; Back/Forward cannot resend.","Address/source validation; changing source requires confirm","handoff/flow/evidence/P05-regression.log","SOURCE_REVIEWED_SUITE_EVIDENCE_ONLY"
"STATE-P05.S02","P05.S01","data-p05=next","Verified auth session + previewReady + warehouseOperations; payload must match scoped owner. Writes also require active warehouse; async epoch/context checked.","See owner model; IDs not inferred from display labels","#p02/outbound; flow.step=2","docs/flows/outbound/outbound.mjs","Owner retains draft in page memory; waiting result return keyed by exact documentId; Back/Forward cannot resend.","Preserve document identity and planned quantities","handoff/flow/evidence/P05-regression.log","SOURCE_REVIEWED_SUITE_EVIDENCE_ONLY"
"STATE-P05.S03","P05.S02","data-p05=next","Verified auth session + previewReady + warehouseOperations; payload must match scoped owner. Writes also require active warehouse; async epoch/context checked.","See owner model; IDs not inferred from display labels","#p02/outbound; flow.step=3","docs/flows/outbound/outbound.mjs","Owner retains draft in page memory; waiting result return keyed by exact documentId; Back/Forward cannot resend.","Missing quantity review; exceptions never counted as accepted","handoff/flow/evidence/P05-regression.log","SOURCE_REVIEWED_SUITE_EVIDENCE_ONLY"
"STATE-P05.S04","P05.S03/P17.S04","data-p05=send / check","Verified auth session + previewReady + warehouseOperations; payload must match scoped owner. Writes also require active warehouse; async epoch/context checked.","See owner model; IDs not inferred from display labels","#p02/outbound; flow.step=4","docs/flows/outbound/outbound.mjs","Owner retains draft in page memory; waiting result return keyed by exact documentId; Back/Forward cannot resend.","Verified record -> waiting Web; UNKNOWN forbids duplicate send","handoff/flow/evidence/P05-regression.log","SOURCE_REVIEWED_SUITE_EVIDENCE_ONLY"
"STATE-P06.S01","P02/P03/P07/P09","lookup / onChooseProduct / onLookup","Verified auth session + previewReady + warehouseOperations; payload must match scoped owner. Writes also require active warehouse; async epoch/context checked.","See owner model; IDs not inferred from display labels","#p02/lookup; flow.panel=1","docs/flows/lookup/lookup.mjs","Owner remembers caller/context; route/dialog lifecycle consumes Back before restoring focus. See scoped evidence; no promise of persistence across reload.","Scoped catalogue and current item source","handoff/flow/evidence/P06-regression.log","SOURCE_REVIEWED_SUITE_EVIDENCE_ONLY"
"STATE-P06.S02","P06.S01","data-p06-item","Verified auth session + previewReady + warehouseOperations; payload must match scoped owner. Writes also require active warehouse; async epoch/context checked.","See owner model; IDs not inferred from display labels","#p02/lookup; flow.panel=2","docs/flows/lookup/lookup.mjs","Owner remembers caller/context; route/dialog lifecycle consumes Back before restoring focus. See scoped evidence; no promise of persistence across reload.","Exact item ID; invalid has no first-item fallback","handoff/flow/evidence/P06-regression.log","SOURCE_REVIEWED_SUITE_EVIDENCE_ONLY"
"STATE-P06.S03","P06.S02","data-p06=stock","Verified auth session + previewReady + warehouseOperations; payload must match scoped owner. Writes also require active warehouse; async epoch/context checked.","See owner model; IDs not inferred from display labels","#p02/lookup; flow.panel=3","docs/flows/lookup/lookup.mjs","Owner remembers caller/context; route/dialog lifecycle consumes Back before restoring focus. See scoped evidence; no promise of persistence across reload.","Same item and warehouse; unknown quantities stay unknown","handoff/flow/evidence/P06-regression.log","SOURCE_REVIEWED_SUITE_EVIDENCE_ONLY"
"STATE-P06.S04","P06.S02","data-p06=history","Verified auth session + previewReady + warehouseOperations; payload must match scoped owner. Writes also require active warehouse; async epoch/context checked.","See owner model; IDs not inferred from display labels","#p02/lookup; flow.panel=4","docs/flows/lookup/lookup.mjs","Owner remembers caller/context; route/dialog lifecycle consumes Back before restoring focus. See scoped evidence; no promise of persistence across reload.","Same item and filter source; unavailable document links remain guarded","handoff/flow/evidence/P06-regression.log","SOURCE_REVIEWED_SUITE_EVIDENCE_ONLY"
"STATE-P07.S01","P02","nfc route","Verified auth session + previewReady + warehouseOperations; payload must match scoped owner. Writes also require active warehouse; async epoch/context checked.","See owner model; IDs not inferred from display labels","#p02/nfc?panel=1","docs/flows/nfc/nfc.mjs","Owner remembers caller/context; route/dialog lifecycle consumes Back before restoring focus. See scoped evidence; no promise of persistence across reload.","No automatic hardware prompt or mutation","handoff/flow/evidence/P07-regression.log","SOURCE_REVIEWED_SUITE_EVIDENCE_ONLY"
"STATE-P07.S02","P07.S01","data-p07=begin","Verified auth session + previewReady + warehouseOperations; payload must match scoped owner. Writes also require active warehouse; async epoch/context checked.","See owner model; IDs not inferred from display labels","#p02/nfc?panel=2","docs/flows/nfc/nfc.mjs","Owner remembers caller/context; route/dialog lifecycle consumes Back before restoring focus. See scoped evidence; no promise of persistence across reload.","Read/select flow; cancel keeps owner","handoff/flow/evidence/P07-regression.log","SOURCE_REVIEWED_SUITE_EVIDENCE_ONLY"
"STATE-P07.S03","P07.S02","prepare link in NFC owner","Verified auth session + previewReady + warehouseOperations; payload must match scoped owner. Writes also require active warehouse; async epoch/context checked.","See owner model; IDs not inferred from display labels","#p02/nfc?panel=3","docs/flows/nfc/nfc.mjs","Owner remembers caller/context; route/dialog lifecycle consumes Back before restoring focus. See scoped evidence; no promise of persistence across reload.","Verified tag and product; conflict -> P17.S03","handoff/flow/evidence/P07-regression.log","SOURCE_REVIEWED_SUITE_EVIDENCE_ONLY"
"STATE-P07.S04","P07.S03","confirm link","Verified auth session + previewReady + warehouseOperations; payload must match scoped owner. Writes also require active warehouse; async epoch/context checked.","See owner model; IDs not inferred from display labels","#p02/nfc?panel=4","docs/flows/nfc/nfc.mjs","Owner remembers caller/context; route/dialog lifecycle consumes Back before restoring focus. See scoped evidence; no promise of persistence across reload.","Confirmed receipt only; late results cannot cross tag/context","handoff/flow/evidence/P07-regression.log","SOURCE_REVIEWED_SUITE_EVIDENCE_ONLY"
"STATE-P08.S01","P22/P04/P05/P14","history-general / onHistory","Verified auth session + previewReady + warehouseOperations; payload must match scoped owner. Writes also require active warehouse; async epoch/context checked.","See owner model; IDs not inferred from display labels","#p02/history-list?panel=1","docs/flows/history/history.mjs","history.state.p08 + views/context map retain filters/tab/scroll/action focus; p08Back returns caller; P18 caller remembers scroll/focus.","Scoped shared receipt projection plus preserved B08 seed","handoff/flow/evidence/P08-regression.log","SOURCE_REVIEWED_SUITE_EVIDENCE_ONLY"
"STATE-P08.S02","P08.S01","data-p08-record","Verified auth session + previewReady + warehouseOperations; payload must match scoped owner. Writes also require active warehouse; async epoch/context checked.","See owner model; IDs not inferred from display labels","#p02/history-list?panel=2&record=<recordId>","docs/flows/history/history.mjs","history.state.p08 + views/context map retain filters/tab/scroll/action focus; p08Back returns caller; P18 caller remembers scroll/focus.","Exact history ID; missing/invalid -> not found","handoff/flow/evidence/P08-regression.log","SOURCE_REVIEWED_SUITE_EVIDENCE_ONLY"
"STATE-P08.S03","P08.S02","data-p08=session","Verified auth session + previewReady + warehouseOperations; payload must match scoped owner. Writes also require active warehouse; async epoch/context checked.","See owner model; IDs not inferred from display labels","#p02/history-list?panel=3&session=<B08-sessionId>","docs/flows/history/history.mjs","history.state.p08 + views/context map retain filters/tab/scroll/action focus; p08Back returns caller; P18 caller remembers scroll/focus.","Explicit B08 session reference; no B23 substitution","handoff/flow/evidence/P08-regression.log","SOURCE_REVIEWED_SUITE_EVIDENCE_ONLY"
"STATE-P08.S04","P22/P08","history-daily / data-p08=day","Verified auth session + previewReady + warehouseOperations; payload must match scoped owner. Writes also require active warehouse; async epoch/context checked.","See owner model; IDs not inferred from display labels","#p02/history-list?panel=4","docs/flows/history/history.mjs","history.state.p08 + views/context map retain filters/tab/scroll/action focus; p08Back returns caller; P18 caller remembers scroll/focus.","Same record source/filter; unique activityId aggregate","handoff/flow/evidence/P08-regression.log","SOURCE_REVIEWED_SUITE_EVIDENCE_ONLY"
"STATE-P09.S01","P02/P12","warranty route","Verified auth session + previewReady + warehouseOperations; payload must match scoped owner. Writes also require active warehouse; async epoch/context checked.","See owner model; IDs not inferred from display labels","#p02/warranty?panel=1","docs/flows/warranty/warranty.mjs","Owner remembers caller/context; route/dialog lifecycle consumes Back before restoring focus. See scoped evidence; no promise of persistence across reload.","Shared warranty cases; list filters retained","handoff/flow/evidence/P09-regression.log","SOURCE_REVIEWED_SUITE_EVIDENCE_ONLY"
"STATE-P09.S02","P09.S01/P06","data-p09=begin / onWarranty","Verified auth session + previewReady + warehouseOperations; payload must match scoped owner. Writes also require active warehouse; async epoch/context checked.","See owner model; IDs not inferred from display labels","#p02/warranty?panel=2","docs/flows/warranty/warranty.mjs","Owner remembers caller/context; route/dialog lifecycle consumes Back before restoring focus. See scoped evidence; no promise of persistence across reload.","Serial identity checked; existing case not duplicated","handoff/flow/evidence/P09-regression.log","SOURCE_REVIEWED_SUITE_EVIDENCE_ONLY"
"STATE-P09.S03","P09.S01/P19/P20","data-p09-case / onCase","Verified auth session + previewReady + warehouseOperations; payload must match scoped owner. Writes also require active warehouse; async epoch/context checked.","See owner model; IDs not inferred from display labels","#p02/warranty?panel=3&case=<caseId>","docs/flows/warranty/warranty.mjs","Owner remembers caller/context; route/dialog lifecycle consumes Back before restoring focus. See scoped evidence; no promise of persistence across reload.","Exact shared case; closed remains read-only","handoff/flow/evidence/P09-regression.log","SOURCE_REVIEWED_SUITE_EVIDENCE_ONLY"
"STATE-P09.S04","P09.S03","confirmed update","Verified auth session + previewReady + warehouseOperations; payload must match scoped owner. Writes also require active warehouse; async epoch/context checked.","See owner model; IDs not inferred from display labels","#p02/warranty?panel=4&case=<confirmed-caseId>","docs/flows/warranty/warranty.mjs","Owner remembers caller/context; route/dialog lifecycle consumes Back before restoring focus. See scoped evidence; no promise of persistence across reload.","Per-case confirmed result only; UNKNOWN requires reconciliation","handoff/flow/evidence/P09-regression.log","SOURCE_REVIEWED_SUITE_EVIDENCE_ONLY"
"STATE-P10.S01","P02","avatar / profile tab","Verified auth session + previewReady + warehouseOperations; payload must match scoped owner. Writes also require active warehouse; async epoch/context checked.","See owner model; IDs not inferred from display labels","#p02/profile?panel=1","docs/flows/profile/profile.mjs","Owner remembers caller/context; route/dialog lifecycle consumes Back before restoring focus. See scoped evidence; no promise of persistence across reload.","Identity from verified session/profile source","handoff/flow/evidence/P10-regression.log","SOURCE_REVIEWED_SUITE_EVIDENCE_ONLY"
"STATE-P10.S02","P10.S01","edit / edit-name / edit-avatar","Verified auth session + previewReady + warehouseOperations; payload must match scoped owner. Writes also require active warehouse; async epoch/context checked.","See owner model; IDs not inferred from display labels","#p02/profile?panel=2","docs/flows/profile/profile.mjs","Owner remembers caller/context; route/dialog lifecycle consumes Back before restoring focus. See scoped evidence; no promise of persistence across reload.","Dirty form; cancel confirmation retains or discards explicitly","handoff/flow/evidence/P10-regression.log","SOURCE_REVIEWED_SUITE_EVIDENCE_ONLY"
"STATE-P10.S03","P10.S01","rights","Verified auth session + previewReady + warehouseOperations; payload must match scoped owner. Writes also require active warehouse; async epoch/context checked.","See owner model; IDs not inferred from display labels","#p02/profile?panel=3","docs/flows/profile/profile.mjs","Owner remembers caller/context; route/dialog lifecycle consumes Back before restoring focus. See scoped evidence; no promise of persistence across reload.","Read-only warehouse/permissions","handoff/flow/evidence/P10-regression.log","SOURCE_REVIEWED_SUITE_EVIDENCE_ONLY"
"STATE-P10.S04","P10.S01","security","Verified auth session + previewReady + warehouseOperations; payload must match scoped owner. Writes also require active warehouse; async epoch/context checked.","See owner model; IDs not inferred from display labels","#p02/profile?panel=4","docs/flows/profile/profile.mjs","Owner remembers caller/context; route/dialog lifecycle consumes Back before restoring focus. See scoped evidence; no promise of persistence across reload.","Links use current account; unavailable capabilities disabled","handoff/flow/evidence/P10-regression.log","SOURCE_REVIEWED_SUITE_EVIDENCE_ONLY"
"STATE-P11.S01","P10.S04","password","Verified auth session + previewReady + warehouseOperations; payload must match scoped owner. Writes also require active warehouse; async epoch/context checked.","See owner model; IDs not inferred from display labels","#p02/security?panel=1","docs/flows/security/security.mjs","Owner remembers caller/context; route/dialog lifecycle consumes Back before restoring focus. See scoped evidence; no promise of persistence across reload.","Shared account source; no passwords persisted in report","handoff/flow/evidence/P11-regression.log","SOURCE_REVIEWED_SUITE_EVIDENCE_ONLY"
"STATE-P11.S02","P11.S01","invalid verification response","Verified auth session + previewReady + warehouseOperations; payload must match scoped owner. Writes also require active warehouse; async epoch/context checked.","See owner model; IDs not inferred from display labels","#p02/security?panel=2","docs/flows/security/security.mjs","Owner remembers caller/context; route/dialog lifecycle consumes Back before restoring focus. See scoped evidence; no promise of persistence across reload.","Inline validation; no password update","handoff/flow/evidence/P11-regression.log","SOURCE_REVIEWED_SUITE_EVIDENCE_ONLY"
"STATE-P11.S03","P11.S01","confirmed password change","Verified auth session + previewReady + warehouseOperations; payload must match scoped owner. Writes also require active warehouse; async epoch/context checked.","See owner model; IDs not inferred from display labels","#p02/security?panel=3","docs/flows/security/security.mjs","Owner remembers caller/context; route/dialog lifecycle consumes Back before restoring focus. See scoped evidence; no promise of persistence across reload.","Verified result only; post-action dialog has no fake cancel","handoff/flow/evidence/P11-regression.log","SOURCE_REVIEWED_SUITE_EVIDENCE_ONLY"
"STATE-P11.S04","P10.S04","sessions","Verified auth session + previewReady + warehouseOperations; payload must match scoped owner. Writes also require active warehouse; async epoch/context checked.","See owner model; IDs not inferred from display labels","#p02/security?panel=4","docs/flows/security/security.mjs","Owner remembers caller/context; route/dialog lifecycle consumes Back before restoring focus. See scoped evidence; no promise of persistence across reload.","Session source; revoke guard/caller preserved","handoff/flow/evidence/P11-regression.log","SOURCE_REVIEWED_SUITE_EVIDENCE_ONLY"
"STATE-P12.S01","P02/P22","documents / View all recent","Verified auth session + previewReady + warehouseOperations; payload must match scoped owner. Writes also require active warehouse; async epoch/context checked.","See owner model; IDs not inferred from display labels","#p02/documents?panel=1","docs/flows/documents/documents.mjs","Owner remembers caller/context; route/dialog lifecycle consumes Back before restoring focus. See scoped evidence; no promise of persistence across reload.","Current shared document source; Home recent uses same IDs","handoff/flow/evidence/P12-regression.log","SOURCE_REVIEWED_SUITE_EVIDENCE_ONLY"
"STATE-P12.S02","P12.S01/P08/P13/P04/P05","data-p12-doc / onDocument","Verified auth session + previewReady + warehouseOperations; payload must match scoped owner. Writes also require active warehouse; async epoch/context checked.","See owner model; IDs not inferred from display labels","#p02/documents?panel=2&doc=<documentId>","docs/flows/documents/documents.mjs","Owner remembers caller/context; route/dialog lifecycle consumes Back before restoring focus. See scoped evidence; no promise of persistence across reload.","Exact document; missing ID not substituted","handoff/flow/evidence/P12-regression.log","SOURCE_REVIEWED_SUITE_EVIDENCE_ONLY"
"STATE-P12.S03","P12.S02","products tab","Verified auth session + previewReady + warehouseOperations; payload must match scoped owner. Writes also require active warehouse; async epoch/context checked.","See owner model; IDs not inferred from display labels","#p02/documents?panel=3&doc=<documentId>","docs/flows/documents/documents.mjs","Owner remembers caller/context; route/dialog lifecycle consumes Back before restoring focus. See scoped evidence; no promise of persistence across reload.","Same document lines and totals","handoff/flow/evidence/P12-regression.log","SOURCE_REVIEWED_SUITE_EVIDENCE_ONLY"
"STATE-P12.S04","P12.S01","create","Verified auth session + previewReady + warehouseOperations; payload must match scoped owner. Writes also require active warehouse; async epoch/context checked.","See owner model; IDs not inferred from display labels","#p02/documents?panel=4","docs/flows/documents/documents.mjs","Owner remembers caller/context; route/dialog lifecycle consumes Back before restoring focus. See scoped evidence; no promise of persistence across reload.","Create/resume delegates to P04/P05/P09, not separate mutations","handoff/flow/evidence/P12-regression.log","SOURCE_REVIEWED_SUITE_EVIDENCE_ONLY"
"STATE-P13.S01","P02","Home bell","Verified auth session + previewReady + warehouseOperations; payload must match scoped owner. Writes also require active warehouse; async epoch/context checked.","See owner model; IDs not inferred from display labels","#p02/notifications?panel=1; selected notification/document IDs in owner","docs/flows/notifications/notifications.mjs","Owner remembers caller/context; route/dialog lifecycle consumes Back before restoring focus. See scoped evidence; no promise of persistence across reload.","Shared notification store and unread badge","handoff/flow/evidence/P13-regression.log","SOURCE_REVIEWED_SUITE_EVIDENCE_ONLY"
"STATE-P13.S02","P13.S01","notification row","Verified auth session + previewReady + warehouseOperations; payload must match scoped owner. Writes also require active warehouse; async epoch/context checked.","See owner model; IDs not inferred from display labels","#p02/notifications?panel=2; selected notification/document IDs in owner","docs/flows/notifications/notifications.mjs","Owner remembers caller/context; route/dialog lifecycle consumes Back before restoring focus. See scoped evidence; no promise of persistence across reload.","Exact event/document reference; mark-read scope guarded","handoff/flow/evidence/P13-regression.log","SOURCE_REVIEWED_SUITE_EVIDENCE_ONLY"
"STATE-P13.S03","P13 list tabs","waiting document tab","Verified auth session + previewReady + warehouseOperations; payload must match scoped owner. Writes also require active warehouse; async epoch/context checked.","See owner model; IDs not inferred from display labels","#p02/notifications?panel=3; selected notification/document IDs in owner","docs/flows/notifications/notifications.mjs","Owner remembers caller/context; route/dialog lifecycle consumes Back before restoring focus. See scoped evidence; no promise of persistence across reload.","MIGRATED read-only Web-pending list, not approve","handoff/flow/evidence/P13-regression.log","SOURCE_REVIEWED_SUITE_EVIDENCE_ONLY"
"STATE-P13.S04","P13.S03","waiting document row","Verified auth session + previewReady + warehouseOperations; payload must match scoped owner. Writes also require active warehouse; async epoch/context checked.","See owner model; IDs not inferred from display labels","#p02/notifications?panel=4; selected notification/document IDs in owner","docs/flows/notifications/notifications.mjs","Owner remembers caller/context; route/dialog lifecycle consumes Back before restoring focus. See scoped evidence; no promise of persistence across reload.","MIGRATED read-only detail -> P12; no App Post","handoff/flow/evidence/P13-regression.log","SOURCE_REVIEWED_SUITE_EVIDENCE_ONLY"
"STATE-P14.S01","P01.S01","forgot password","Recovery mode anonymous; shift mode authenticated. UNKNOWN and unretained draft prevent unsafe logout.","See owner model; IDs not inferred from display labels","#recovery; recovery form","docs/flows/recovery-shift/view.mjs","Owner remembers caller/context; route/dialog lifecycle consumes Back before restoring focus. See scoped evidence; no promise of persistence across reload.","Recovery form; Back restores username, clears password","handoff/flow/evidence/P14-regression.log","SOURCE_REVIEWED_SUITE_EVIDENCE_ONLY"
"STATE-P14.S02","P14.S01","confirmed recovery request","Recovery mode anonymous; shift mode authenticated. UNKNOWN and unretained draft prevent unsafe logout.","See owner model; IDs not inferred from display labels","#recovery; verified recovery receipt","docs/flows/recovery-shift/view.mjs","Owner remembers caller/context; route/dialog lifecycle consumes Back before restoring focus. See scoped evidence; no promise of persistence across reload.","Receipt only on verified source; no notification sent in fixture","handoff/flow/evidence/P14-regression.log","SOURCE_REVIEWED_SUITE_EVIDENCE_ONLY"
"STATE-P14.S03","P10.S01","shift","Recovery mode anonymous; shift mode authenticated. UNKNOWN and unretained draft prevent unsafe logout.","See owner model; IDs not inferred from display labels","#p02/shift; pending records","docs/flows/recovery-shift/view.mjs","Owner remembers caller/context; route/dialog lifecycle consumes Back before restoring focus. See scoped evidence; no promise of persistence across reload.","Read same stock/component draft owners; UNKNOWN blocks unsafe finish","handoff/flow/evidence/P14-regression.log","SOURCE_REVIEWED_SUITE_EVIDENCE_ONLY"
"STATE-P14.S04","P14.S03","confirmed shift completion","Recovery mode anonymous; shift mode authenticated. UNKNOWN and unretained draft prevent unsafe logout.","See owner model; IDs not inferred from display labels","#p02/shift; summary","docs/flows/recovery-shift/view.mjs","Owner remembers caller/context; route/dialog lifecycle consumes Back before restoring focus. See scoped evidence; no promise of persistence across reload.","Summary verified records; local retention not durable storage","handoff/flow/evidence/P14-regression.log","SOURCE_REVIEWED_SUITE_EVIDENCE_ONLY"
"STATE-P15.S01","read/write caller","onSystem(connection)","Verified auth session + previewReady + warehouseOperations; payload must match scoped owner. Writes also require active warehouse; async epoch/context checked.","See owner model; IDs not inferred from display labels","caller hash; system kind=connection","docs/flows/system/view.mjs","Owner remembers caller/context; route/dialog lifecycle consumes Back before restoring focus. See scoped evidence; no promise of persistence across reload.","Retry only allowed caller action; Back retains context","handoff/flow/evidence/P15-regression.log","SOURCE_REVIEWED_SUITE_EVIDENCE_ONLY"
"STATE-P15.S02","authenticated caller","session expiry","Verified auth session + previewReady + warehouseOperations; payload must match scoped owner. Writes also require active warehouse; async epoch/context checked.","See owner model; IDs not inferred from display labels","caller hash; system kind=expired","docs/flows/system/view.mjs","Owner remembers caller/context; route/dialog lifecycle consumes Back before restoring focus. See scoped evidence; no promise of persistence across reload.","Reauthentication; stale callbacks cannot revive session","handoff/flow/evidence/P15-regression.log","SOURCE_REVIEWED_SUITE_EVIDENCE_ONLY"
"STATE-P15.S03","protected caller","permission guard","Verified auth session + previewReady + warehouseOperations; payload must match scoped owner. Writes also require active warehouse; async epoch/context checked.","See owner model; IDs not inferred from display labels","caller hash; system kind=forbidden","docs/flows/system/view.mjs","Owner remembers caller/context; route/dialog lifecycle consumes Back before restoring focus. See scoped evidence; no promise of persistence across reload.","Forbidden state; disabled CSS is not authorization","handoff/flow/evidence/P15-regression.log","SOURCE_REVIEWED_SUITE_EVIDENCE_ONLY"
"STATE-P15.S04","scanner/NFC caller","device permission result","Verified auth session + previewReady + warehouseOperations; payload must match scoped owner. Writes also require active warehouse; async epoch/context checked.","See owner model; IDs not inferred from display labels","caller hash; system kind=device","docs/flows/system/view.mjs","Owner remembers caller/context; route/dialog lifecycle consumes Back before restoring focus. See scoped evidence; no promise of persistence across reload.","Denied/unsupported separated; guide Back restores caller","handoff/flow/evidence/P15-regression.log","SOURCE_REVIEWED_SUITE_EVIDENCE_ONLY"
"STATE-P16.S01","P12.S01","list read start","P12 query generation, same session/warehouse/cache key; missing source is not empty success.","See owner model; IDs not inferred from display labels","#p02/documents; loading","docs/flows/data-states/view.mjs","Owner remembers caller/context; route/dialog lifecycle consumes Back before restoring focus. See scoped evidence; no promise of persistence across reload.","Pending read; stale response generation guarded","handoff/flow/evidence/P16-regression.log","SOURCE_REVIEWED_SUITE_EVIDENCE_ONLY"
"STATE-P16.S02","P12.S01","verified unfiltered empty response","P12 query generation, same session/warehouse/cache key; missing source is not empty success.","See owner model; IDs not inferred from display labels","#p02/documents; empty","docs/flows/data-states/view.mjs","Owner remembers caller/context; route/dialog lifecycle consumes Back before restoring focus. See scoped evidence; no promise of persistence across reload.","Not missing-data-as-zero; create delegates owner","handoff/flow/evidence/P16-regression.log","SOURCE_REVIEWED_SUITE_EVIDENCE_ONLY"
"STATE-P16.S03","P12.S01","query/filter returns zero","P12 query generation, same session/warehouse/cache key; missing source is not empty success.","See owner model; IDs not inferred from display labels","#p02/documents; filtered no-results","docs/flows/data-states/view.mjs","Owner remembers caller/context; route/dialog lifecycle consumes Back before restoring focus. See scoped evidence; no promise of persistence across reload.","Clear one condition or edit query; retain other filters","handoff/flow/evidence/P16-regression.log","SOURCE_REVIEWED_SUITE_EVIDENCE_ONLY"
"STATE-P16.S04","P12.S01","read failure","P12 query generation, same session/warehouse/cache key; missing source is not empty success.","See owner model; IDs not inferred from display labels","#p02/documents; read-error","docs/flows/data-states/view.mjs","Owner remembers caller/context; route/dialog lifecycle consumes Back before restoring focus. See scoped evidence; no promise of persistence across reload.","Retry same context; cached data labelled stale","handoff/flow/evidence/P16-regression.log","SOURCE_REVIEWED_SUITE_EVIDENCE_ONLY"
"STATE-P17.S01","P04.S02","invalid manual/camera code","Verified auth session + previewReady + warehouseOperations; payload must match scoped owner. Writes also require active warehouse; async epoch/context checked.","See owner model; IDs not inferred from display labels","#p02/inbound; invalid scan exception","docs/flows/scan-exceptions/view.mjs","Owner remembers caller/context; route/dialog lifecycle consumes Back before restoring focus. See scoped evidence; no promise of persistence across reload.","Accepted list unchanged; Back repairs input","handoff/flow/evidence/P17-regression.log","SOURCE_REVIEWED_SUITE_EVIDENCE_ONLY"
"STATE-P17.S02","P05.S02","non-exportable code","Verified auth session + previewReady + warehouseOperations; payload must match scoped owner. Writes also require active warehouse; async epoch/context checked.","See owner model; IDs not inferred from display labels","#p02/outbound; blocked scan exception","docs/flows/scan-exceptions/view.mjs","Owner remembers caller/context; route/dialog lifecycle consumes Back before restoring focus. See scoped evidence; no promise of persistence across reload.","No accepted increment; Back same document","handoff/flow/evidence/P17-regression.log","SOURCE_REVIEWED_SUITE_EVIDENCE_ONLY"
"STATE-P17.S03","P07.S02","tag already linked","Verified auth session + previewReady + warehouseOperations; payload must match scoped owner. Writes also require active warehouse; async epoch/context checked.","See owner model; IDs not inferred from display labels","#p02/nfc; linked-tag conflict","docs/flows/scan-exceptions/view.mjs","Owner remembers caller/context; route/dialog lifecycle consumes Back before restoring focus. See scoped evidence; no promise of persistence across reload.","No relink without verified conflict policy","handoff/flow/evidence/P17-regression.log","SOURCE_REVIEWED_SUITE_EVIDENCE_ONLY"
"STATE-P17.S04","P04/P05 submit","UNKNOWN / timeout-recorded","Verified auth session + previewReady + warehouseOperations; payload must match scoped owner. Writes also require active warehouse; async epoch/context checked.","See owner model; IDs not inferred from display labels","#p02/inbound or #p02/outbound; UNKNOWN record","docs/flows/scan-exceptions/view.mjs","Owner remembers caller/context; route/dialog lifecycle consumes Back before restoring focus. See scoped evidence; no promise of persistence across reload.","Same request check only, no retry mutation","handoff/flow/evidence/P17-regression.log","SOURCE_REVIEWED_SUITE_EVIDENCE_ONLY"
"STATE-P18.S01","P12/P08","onAttachments(documentId)","Verified auth session + previewReady + warehouseOperations; payload must match scoped owner. Writes also require active warehouse; async epoch/context checked.","See owner model; IDs not inferred from display labels","#p02/attachments?panel=1&doc=<documentId>","docs/flows/attachments/view.mjs","Owner remembers caller/context; route/dialog lifecycle consumes Back before restoring focus. See scoped evidence; no promise of persistence across reload.","Exact owner document/files; unmapped source unavailable","handoff/flow/evidence/P18-regression.log","SOURCE_REVIEWED_SUITE_EVIDENCE_ONLY"
"STATE-P18.S02","P18.S01","data-p18=view","Verified auth session + previewReady + warehouseOperations; payload must match scoped owner. Writes also require active warehouse; async epoch/context checked.","See owner model; IDs not inferred from display labels","#p02/attachments?panel=2&doc=<documentId>&file=<fileId>","docs/flows/attachments/view.mjs","Owner remembers caller/context; route/dialog lifecycle consumes Back before restoring focus. See scoped evidence; no promise of persistence across reload.","Local PDF/page source; Back restores file/scroll/focus","handoff/flow/evidence/P18-regression.log","SOURCE_REVIEWED_SUITE_EVIDENCE_ONLY"
"STATE-P18.S03","P09","data-p09=handoff","Verified auth session + previewReady + warehouseOperations; payload must match scoped owner. Writes also require active warehouse; async epoch/context checked.","See owner model; IDs not inferred from display labels","#p02/attachments?panel=3&case=<caseId>","docs/flows/attachments/view.mjs","Owner remembers caller/context; route/dialog lifecycle consumes Back before restoring focus. See scoped evidence; no promise of persistence across reload.","Shared case; unconfigured backend cannot close case","handoff/flow/evidence/P18-regression.log","SOURCE_REVIEWED_SUITE_EVIDENCE_ONLY"
"STATE-P18.S04","P06.S03","data-p06=location","Verified auth session + previewReady + warehouseOperations; payload must match scoped owner. Writes also require active warehouse; async epoch/context checked.","See owner model; IDs not inferred from display labels","#p02/attachments?panel=4&item=<itemId>","docs/flows/attachments/view.mjs","Owner remembers caller/context; route/dialog lifecycle consumes Back before restoring focus. See scoped evidence; no promise of persistence across reload.","Same item; no fake capacity/stock from grid","handoff/flow/evidence/P18-regression.log","SOURCE_REVIEWED_SUITE_EVIDENCE_ONLY"
"STATE-P19.S01","P09/P21","issue / scan","Verified auth session + previewReady + warehouseOperations; payload must match scoped owner. Writes also require active warehouse; async epoch/context checked.","See owner model; IDs not inferred from display labels","#p02/component-issue?case=<caseId>&doc=<documentId>&panel=1","docs/flows/warranty-components/issue-view.mjs","Scan Back -> P21 same owner; review Back -> scan; UNKNOWN stays locked; no discard by navigation.","Shared per-case owner; closed/stopped/permission guards","handoff/flow/evidence/P19-regression.log","SOURCE_REVIEWED_SUITE_EVIDENCE_ONLY"
"STATE-P19.S02","P19.S01","BOX code","Verified auth session + previewReady + warehouseOperations; payload must match scoped owner. Writes also require active warehouse; async epoch/context checked.","See owner model; IDs not inferred from display labels","same caller hash; quantity sheet","docs/flows/warranty-components/issue-view.mjs","Scan Back -> P21 same owner; review Back -> scan; UNKNOWN stays locked; no discard by navigation.","Quantity bounded by verified available stock; cancel does not add line","handoff/flow/evidence/P19-regression.log","SOURCE_REVIEWED_SUITE_EVIDENCE_ONLY"
"STATE-P19.S03","P19.S01/P21","review","Verified auth session + previewReady + warehouseOperations; payload must match scoped owner. Writes also require active warehouse; async epoch/context checked.","See owner model; IDs not inferred from display labels","#p02/component-issue?case=<caseId>&doc=<documentId>&panel=3","docs/flows/warranty-components/issue-view.mjs","Scan Back -> P21 same owner; review Back -> scan; UNKNOWN stays locked; no discard by navigation.","Same lines/document/version; empty or unknown blocked","handoff/flow/evidence/P19-regression.log","SOURCE_REVIEWED_SUITE_EVIDENCE_ONLY"
"STATE-P19.S04","P19.S03/P21.S04","post / reconcile","Verified auth session + previewReady + warehouseOperations; payload must match scoped owner. Writes also require active warehouse; async epoch/context checked.","See owner model; IDs not inferred from display labels","#p02/component-issue?case=<caseId>&doc=<documentId>&panel=4; verified receipt required","docs/flows/warranty-components/issue-view.mjs","Scan Back -> P21 same owner; review Back -> scan; UNKNOWN stays locked; no discard by navigation.","Only confirmed POSTED receipt; duplicate commit guarded","handoff/flow/evidence/P19-regression.log","SOURCE_REVIEWED_SUITE_EVIDENCE_ONLY"
"STATE-P20.S01","P09/P21/P23","component-history / posted / linked receipt","Verified auth session + previewReady + warehouseOperations; payload must match scoped owner. Writes also require active warehouse; async epoch/context checked.","See owner model; IDs not inferred from display labels","#p02/component-history?case=<caseId>; ready","docs/flows/warranty-components/history-view.mjs","Remember case/list/cursor/scroll/focus; late reads ignored after leave; p20From returns verified caller.","Same case+POSTED receipt source; caller focus preserved","handoff/flow/evidence/P20-regression.log","SOURCE_REVIEWED_SUITE_EVIDENCE_ONLY"
"STATE-P20.S02","P20.S01","data-p20=load","Verified auth session + previewReady + warehouseOperations; payload must match scoped owner. Writes also require active warehouse; async epoch/context checked.","See owner model; IDs not inferred from display labels","same hash; history-loading","docs/flows/warranty-components/history-view.mjs","Remember case/list/cursor/scroll/focus; late reads ignored after leave; p20From returns verified caller.","Read only; keep cache/cursor; single flight","handoff/flow/evidence/P20-regression.log","SOURCE_REVIEWED_SUITE_EVIDENCE_ONLY"
"STATE-P20.S03","P20.S02","read error/timeout","Verified auth session + previewReady + warehouseOperations; payload must match scoped owner. Writes also require active warehouse; async epoch/context checked.","See owner model; IDs not inferred from display labels","same hash; history-error","docs/flows/warranty-components/history-view.mjs","Remember case/list/cursor/scroll/focus; late reads ignored after leave; p20From returns verified caller.","No lost cursor; retry read, not Post","handoff/flow/evidence/P20-regression.log","SOURCE_REVIEWED_SUITE_EVIDENCE_ONLY"
"STATE-P20.S04","case history read","verified empty","Verified auth session + previewReady + warehouseOperations; payload must match scoped owner. Writes also require active warehouse; async epoch/context checked.","See owner model; IDs not inferred from display labels","same hash; verified empty","docs/flows/warranty-components/history-view.mjs","Remember case/list/cursor/scroll/focus; late reads ignored after leave; p20From returns verified caller.","No invented zero for unavailable history","handoff/flow/evidence/P20-regression.log","SOURCE_REVIEWED_SUITE_EVIDENCE_ONLY"
"STATE-P21.S01","P19 Back/P21 Back","resume list","Verified auth session + previewReady + warehouseOperations; payload must match scoped owner. Writes also require active warehouse; async epoch/context checked.","See owner model; IDs not inferred from display labels","#p02/component-resume?panel=1","docs/flows/warranty-components/resume-view.mjs","Detail Back -> drafts; drafts Back -> Home; verified checkpoint required before continuing scan.","Live owners only; B21 sample explicit opt-in","handoff/flow/evidence/P21-regression.log","SOURCE_REVIEWED_SUITE_EVIDENCE_ONLY"
"STATE-P21.S02","P09/P19/P21.S01","open exact document","Verified auth session + previewReady + warehouseOperations; payload must match scoped owner. Writes also require active warehouse; async epoch/context checked.","See owner model; IDs not inferred from display labels","#p02/component-resume?panel=2&doc=<documentId>","docs/flows/warranty-components/resume-view.mjs","Detail Back -> drafts; drafts Back -> Home; verified checkpoint required before continuing scan.","Read checkpoint; same document/session/version before scan","handoff/flow/evidence/P21-regression.log","SOURCE_REVIEWED_SUITE_EVIDENCE_ONLY"
"STATE-P21.S03","checkpoint read","conflict/unverified state","Verified auth session + previewReady + warehouseOperations; payload must match scoped owner. Writes also require active warehouse; async epoch/context checked.","See owner model; IDs not inferred from display labels","#p02/component-resume?panel=3&doc=<documentId>","docs/flows/warranty-components/resume-view.mjs","Detail Back -> drafts; drafts Back -> Home; verified checkpoint required before continuing scan.","Read-only reconciliation; no auto replace/create","handoff/flow/evidence/P21-regression.log","SOURCE_REVIEWED_SUITE_EVIDENCE_ONLY"
"STATE-P21.S04","UNKNOWN component Post","open / check","Verified auth session + previewReady + warehouseOperations; payload must match scoped owner. Writes also require active warehouse; async epoch/context checked.","See owner model; IDs not inferred from display labels","#p02/component-resume?panel=4&doc=<documentId>","docs/flows/warranty-components/resume-view.mjs","Detail Back -> drafts; drafts Back -> Home; verified checkpoint required before continuing scan.","Same request can reconcile even if case closes","handoff/flow/evidence/P21-regression.log","SOURCE_REVIEWED_SUITE_EVIDENCE_ONLY"
"STATE-P22.S01","P02","History footer","Event source scope/complete/confirmed required; read-only; no audit synthesis from tag state.","See owner model; IDs not inferred from display labels","#p02/history; iframe history-hub","docs/flows/history/nfc-audit-view.mjs","Owner remembers caller/context; route/dialog lifecycle consumes Back before restoring focus. See scoped evidence; no promise of persistence across reload.","Six existing hub entries; no removed draft shortcut","handoff/flow/evidence/P22-regression.log","SOURCE_REVIEWED_SUITE_EVIDENCE_ONLY"
"STATE-P22.S02","P22.S01","nfc","Event source scope/complete/confirmed required; read-only; no audit synthesis from tag state.","See owner model; IDs not inferred from display labels","#p02/history?scene=nfc","docs/flows/history/nfc-audit-view.mjs","Owner remembers caller/context; route/dialog lifecycle consumes Back before restoring focus. See scoped evidence; no promise of persistence across reload.","Event-only source; unavailable by default","handoff/flow/evidence/P22-regression.log","SOURCE_REVIEWED_SUITE_EVIDENCE_ONLY"
"STATE-P22.S03","P22.S02","event row","Event source scope/complete/confirmed required; read-only; no audit synthesis from tag state.","See owner model; IDs not inferred from display labels","#p02/history?scene=nfc-detail&event=<eventId>","docs/flows/history/nfc-audit-view.mjs","Owner remembers caller/context; route/dialog lifecycle consumes Back before restoring focus. See scoped evidence; no promise of persistence across reload.","Exact immutable event ID; no inference from P07 current tag","handoff/flow/evidence/P22-regression.log","SOURCE_REVIEWED_SUITE_EVIDENCE_ONLY"
"STATE-P22.S04","P22 event source","unavailable response","Event source scope/complete/confirmed required; read-only; no audit synthesis from tag state.","See owner model; IDs not inferred from display labels","#p02/history?scene=events-unavailable","docs/flows/history/nfc-audit-view.mjs","Owner remembers caller/context; route/dialog lifecycle consumes Back before restoring focus. See scoped evidence; no promise of persistence across reload.","Not empty-success; retry read only","handoff/flow/evidence/P22-regression.log","SOURCE_REVIEWED_SUITE_EVIDENCE_ONLY"
"STATE-P23.S01","P22 hub","warranty","Same case/session/warehouse; receipt explicit and POSTED; closed cases read-only.","See owner model; IDs not inferred from display labels","#p02/history?scene=warranty","docs/flows/history/warranty-session-view.mjs","Owner remembers caller/context; route/dialog lifecycle consumes Back before restoring focus. See scoped evidence; no promise of persistence across reload.","Shared P09 case source","handoff/flow/evidence/P23-regression.log","SOURCE_REVIEWED_SUITE_EVIDENCE_ONLY"
"STATE-P23.S02","P23.S01/P20 closed","case row / timeline","Same case/session/warehouse; receipt explicit and POSTED; closed cases read-only.","See owner model; IDs not inferred from display labels","#p02/history?scene=warranty-detail&case=<caseId>","docs/flows/history/warranty-session-view.mjs","Owner remembers caller/context; route/dialog lifecycle consumes Back before restoring focus. See scoped evidence; no promise of persistence across reload.","Same case chronology; missing ID not first row","handoff/flow/evidence/P23-regression.log","SOURCE_REVIEWED_SUITE_EVIDENCE_ONLY"
"STATE-P23.S03","P22 hub/P08","sessions","Same case/session/warehouse; receipt explicit and POSTED; closed cases read-only.","See owner model; IDs not inferred from display labels","#p02/history?scene=sessions","docs/flows/history/warranty-session-view.mjs","Owner remembers caller/context; route/dialog lifecycle consumes Back before restoring focus. See scoped evidence; no promise of persistence across reload.","Independent explicit session source; default unavailable","handoff/flow/evidence/P23-regression.log","SOURCE_REVIEWED_SUITE_EVIDENCE_ONLY"
"STATE-P23.S04","P23.S03","session row","Same case/session/warehouse; receipt explicit and POSTED; closed cases read-only.","See owner model; IDs not inferred from display labels","#p02/history?scene=session-detail&session=<sessionId>","docs/flows/history/warranty-session-view.mjs","Owner remembers caller/context; route/dialog lifecycle consumes Back before restoring focus. See scoped evidence; no promise of persistence across reload.","Exact scoped session; ENDED is not POSTED","handoff/flow/evidence/P23-regression.log","SOURCE_REVIEWED_SUITE_EVIDENCE_ONLY"
"STATE-P24.S01","P19 quantity sheet","invalid/excess quantity","Verified auth session + previewReady + warehouseOperations; payload must match scoped owner. Writes also require active warehouse; async epoch/context checked.","See owner model; IDs not inferred from display labels","P19 quantity sheet; quantity-invalid","docs/flows/shared/waiting-web.mjs","Owner remembers caller/context; route/dialog lifecycle consumes Back before restoring focus. See scoped evidence; no promise of persistence across reload.","Inline error; no quantity commit","handoff/flow/evidence/P24-regression.log","SOURCE_REVIEWED_SUITE_EVIDENCE_ONLY"
"STATE-P24.S02","P19 scan","box not exportable","Verified auth session + previewReady + warehouseOperations; payload must match scoped owner. Writes also require active warehouse; async epoch/context checked.","See owner model; IDs not inferred from display labels","P19 scan; scan-error","docs/flows/shared/waiting-web.mjs","Owner remembers caller/context; route/dialog lifecycle consumes Back before restoring focus. See scoped evidence; no promise of persistence across reload.","Accepted list/document unchanged; retry requires valid source","handoff/flow/evidence/P24-regression.log","SOURCE_REVIEWED_SUITE_EVIDENCE_ONLY"
"STATE-P24.S03","P04/P05 verified record","waiting result","Verified auth session + previewReady + warehouseOperations; payload must match scoped owner. Writes also require active warehouse; async epoch/context checked.","See owner model; IDs not inferred from display labels","P04/P05 recorded result; waiting-web","docs/flows/shared/waiting-web.mjs","Owner remembers caller/context; route/dialog lifecycle consumes Back before restoring focus. See scoped evidence; no promise of persistence across reload.","Web pending, never Post; links actual receipt ID","handoff/flow/evidence/P24-regression.log","SOURCE_REVIEWED_SUITE_EVIDENCE_ONLY"
"STATE-P24.S04","P09/P20/P23","closed case","Verified auth session + previewReady + warehouseOperations; payload must match scoped owner. Writes also require active warehouse; async epoch/context checked.","See owner model; IDs not inferred from display labels","P20 closed case; read-only","docs/flows/shared/waiting-web.mjs","Owner remembers caller/context; route/dialog lifecycle consumes Back before restoring focus. See scoped evidence; no promise of persistence across reload.","Read-only; existing UNKNOWN may be checked, no new Post","handoff/flow/evidence/P24-regression.log","SOURCE_REVIEWED_SUITE_EVIDENCE_ONLY"
"F01","P01.S01","submit, then start","session/warehouse/permission receipt","sessionId,actorId,warehouseId","#home","docs/flows/home/home.mjs; scripts/check_flow_gate.cjs","Owner remembers caller/context; route/dialog lifecycle consumes Back before restoring focus. See scoped evidence; no promise of persistence across reload.","Entry and P03 actions remain clickable at three viewports; [{""action"":""inbound"",""viewport"":[494,950],""centerClickable"":true,""closePosition"":""relative""},{""action"":""outbound"",""viewport"":[494,950],""centerClickable"":true,""closePosition"":""relative""},{""action"":""lookup"",""viewport"":[494,950],""centerClickable"":true,""closePosition"":""relative""},{""action"":""warranty"",""viewport"":[494,950],""centerClickable"":true,""closePosition"":""relative""},{""action"":""inbound"",""viewport"":[360,800],""centerClickable"":true,""closePosition"":""relative""},{""action"":""outbound"",""viewport"":[360,800],""centerClickable"":true,""closePosition"":""relative""},{""action"":""lookup"",""viewport"":[360,800],""centerClickable"":true,""closePosition"":""relative""},{""action"":""warranty"",""viewport"":[360,800],""centerClickable"":true,""closePosition"":""relative""},{""action"":""inbound"",""viewport"":[1440,900],""centerClickable"":true,""closePosition"":""relative""},{""action"":""outbound"",""viewport"":[1440,900],""centerClickable"":true,""closePosition"":""relative""},{""action"":""lookup"",""viewport"":[1440,900],""centerClickable"":true,""closePosition"":""relative""},{""action"":""warranty"",""viewport"":[1440,900],""centerClickable"":true,""closePosition"":""relative""}]","handoff/flow/evidence/journeys-final-02/results.json#J01","PASS_UI_FIXTURE"
"F02","P03.S01","inbound","active warehouse; no selected draft","operation=inbound,actorId,warehouseId","#p02/inbound","docs/flows/home/home.mjs; scripts/check_flow_gate.cjs","Owner remembers caller/context; route/dialog lifecycle consumes Back before restoring focus. See scoped evidence; no promise of persistence across reload.","Entry and P03 actions remain clickable at three viewports; [{""action"":""inbound"",""viewport"":[494,950],""centerClickable"":true,""closePosition"":""relative""},{""action"":""outbound"",""viewport"":[494,950],""centerClickable"":true,""closePosition"":""relative""},{""action"":""lookup"",""viewport"":[494,950],""centerClickable"":true,""closePosition"":""relative""},{""action"":""warranty"",""viewport"":[494,950],""centerClickable"":true,""closePosition"":""relative""},{""action"":""inbound"",""viewport"":[360,800],""centerClickable"":true,""closePosition"":""relative""},{""action"":""outbound"",""viewport"":[360,800],""centerClickable"":true,""closePosition"":""relative""},{""action"":""lookup"",""viewport"":[360,800],""centerClickable"":true,""closePosition"":""relative""},{""action"":""warranty"",""viewport"":[360,800],""centerClickable"":true,""closePosition"":""relative""},{""action"":""inbound"",""viewport"":[1440,900],""centerClickable"":true,""closePosition"":""relative""},{""action"":""outbound"",""viewport"":[1440,900],""centerClickable"":true,""closePosition"":""relative""},{""action"":""lookup"",""viewport"":[1440,900],""centerClickable"":true,""closePosition"":""relative""},{""action"":""warranty"",""viewport"":[1440,900],""centerClickable"":true,""closePosition"":""relative""}]","handoff/flow/evidence/journeys-final-02/results.json#J01","PASS_UI_FIXTURE"
"F03","P03.S01","outbound","active warehouse; no selected draft","operation=outbound,actorId,warehouseId","#p02/outbound","docs/flows/home/home.mjs; scripts/check_flow_gate.cjs","Owner remembers caller/context; route/dialog lifecycle consumes Back before restoring focus. See scoped evidence; no promise of persistence across reload.","Entry and P03 actions remain clickable at three viewports; [{""action"":""inbound"",""viewport"":[494,950],""centerClickable"":true,""closePosition"":""relative""},{""action"":""outbound"",""viewport"":[494,950],""centerClickable"":true,""closePosition"":""relative""},{""action"":""lookup"",""viewport"":[494,950],""centerClickable"":true,""closePosition"":""relative""},{""action"":""warranty"",""viewport"":[494,950],""centerClickable"":true,""closePosition"":""relative""},{""action"":""inbound"",""viewport"":[360,800],""centerClickable"":true,""closePosition"":""relative""},{""action"":""outbound"",""viewport"":[360,800],""centerClickable"":true,""closePosition"":""relative""},{""action"":""lookup"",""viewport"":[360,800],""centerClickable"":true,""closePosition"":""relative""},{""action"":""warranty"",""viewport"":[360,800],""centerClickable"":true,""closePosition"":""relative""},{""action"":""inbound"",""viewport"":[1440,900],""centerClickable"":true,""closePosition"":""relative""},{""action"":""outbound"",""viewport"":[1440,900],""centerClickable"":true,""closePosition"":""relative""},{""action"":""lookup"",""viewport"":[1440,900],""centerClickable"":true,""closePosition"":""relative""},{""action"":""warranty"",""viewport"":[1440,900],""centerClickable"":true,""closePosition"":""relative""}]","handoff/flow/evidence/journeys-final-02/results.json#J01","PASS_UI_FIXTURE"
"F04","P03.S01","lookup","verified session","operation=lookup","#p02/lookup","docs/flows/home/home.mjs; scripts/check_flow_gate.cjs","Owner remembers caller/context; route/dialog lifecycle consumes Back before restoring focus. See scoped evidence; no promise of persistence across reload.","Entry and P03 actions remain clickable at three viewports; [{""action"":""inbound"",""viewport"":[494,950],""centerClickable"":true,""closePosition"":""relative""},{""action"":""outbound"",""viewport"":[494,950],""centerClickable"":true,""closePosition"":""relative""},{""action"":""lookup"",""viewport"":[494,950],""centerClickable"":true,""closePosition"":""relative""},{""action"":""warranty"",""viewport"":[494,950],""centerClickable"":true,""closePosition"":""relative""},{""action"":""inbound"",""viewport"":[360,800],""centerClickable"":true,""closePosition"":""relative""},{""action"":""outbound"",""viewport"":[360,800],""centerClickable"":true,""closePosition"":""relative""},{""action"":""lookup"",""viewport"":[360,800],""centerClickable"":true,""closePosition"":""relative""},{""action"":""warranty"",""viewport"":[360,800],""centerClickable"":true,""closePosition"":""relative""},{""action"":""inbound"",""viewport"":[1440,900],""centerClickable"":true,""closePosition"":""relative""},{""action"":""outbound"",""viewport"":[1440,900],""centerClickable"":true,""closePosition"":""relative""},{""action"":""lookup"",""viewport"":[1440,900],""centerClickable"":true,""closePosition"":""relative""},{""action"":""warranty"",""viewport"":[1440,900],""centerClickable"":true,""closePosition"":""relative""}]","handoff/flow/evidence/journeys-final-02/results.json#J01","PASS_UI_FIXTURE"
"F05","P03.S01","warranty","verified session","operation=warranty","#p02/warranty","docs/flows/home/home.mjs; scripts/check_flow_gate.cjs","Owner remembers caller/context; route/dialog lifecycle consumes Back before restoring focus. See scoped evidence; no promise of persistence across reload.","Entry and P03 actions remain clickable at three viewports; [{""action"":""inbound"",""viewport"":[494,950],""centerClickable"":true,""closePosition"":""relative""},{""action"":""outbound"",""viewport"":[494,950],""centerClickable"":true,""closePosition"":""relative""},{""action"":""lookup"",""viewport"":[494,950],""centerClickable"":true,""closePosition"":""relative""},{""action"":""warranty"",""viewport"":[494,950],""centerClickable"":true,""closePosition"":""relative""},{""action"":""inbound"",""viewport"":[360,800],""centerClickable"":true,""closePosition"":""relative""},{""action"":""outbound"",""viewport"":[360,800],""centerClickable"":true,""closePosition"":""relative""},{""action"":""lookup"",""viewport"":[360,800],""centerClickable"":true,""closePosition"":""relative""},{""action"":""warranty"",""viewport"":[360,800],""centerClickable"":true,""closePosition"":""relative""},{""action"":""inbound"",""viewport"":[1440,900],""centerClickable"":true,""closePosition"":""relative""},{""action"":""outbound"",""viewport"":[1440,900],""centerClickable"":true,""closePosition"":""relative""},{""action"":""lookup"",""viewport"":[1440,900],""centerClickable"":true,""closePosition"":""relative""},{""action"":""warranty"",""viewport"":[1440,900],""centerClickable"":true,""closePosition"":""relative""}]","handoff/flow/evidence/journeys-final-02/results.json#J01","PASS_UI_FIXTURE"
"F06","P04.S04","history","verified recorded receipt","documentId,receipt:<documentId>","#p02/history-list?panel=1","docs/flows/home/home.mjs; scripts/check_flow_gate.cjs","Owner retains draft in page memory; waiting result return keyed by exact documentId; Back/Forward cannot resend.","Verified stock receipt shares history and document identity; Back/Forward retain result; {""documentId"":""fixture-inbound-0005"",""historyId"":""receipt:fixture-inbound-0005"",""recordCalls"":1,""inventoryDelta"":0}","handoff/flow/evidence/journeys-final-02/results.json#J02","PASS_UI_FIXTURE"
"F07","P08.S02 receipt","document","exact sourceDocumentId","documentId,historyId","#p02/documents?panel=2&doc=<id>","docs/flows/home/home.mjs; scripts/check_flow_gate.cjs","history.state.p08 + views/context map retain filters/tab/scroll/action focus; p08Back returns caller; P18 caller remembers scroll/focus.","Verified stock receipt shares history and document identity; Back/Forward retain result; {""documentId"":""fixture-inbound-0005"",""historyId"":""receipt:fixture-inbound-0005"",""recordCalls"":1,""inventoryDelta"":0}","handoff/flow/evidence/journeys-final-02/results.json#J02","PASS_UI_FIXTURE"
"F08","P12.S02 from receipt","back","p12From","same historyId","#p02/history-list?panel=2&record=<id>","docs/flows/home/home.mjs; scripts/check_flow_gate.cjs","Owner remembers caller/context; route/dialog lifecycle consumes Back before restoring focus. See scoped evidence; no promise of persistence across reload.","Verified stock receipt shares history and document identity; Back/Forward retain result; {""documentId"":""fixture-inbound-0005"",""historyId"":""receipt:fixture-inbound-0005"",""recordCalls"":1,""inventoryDelta"":0}","handoff/flow/evidence/journeys-final-02/results.json#J02","PASS_UI_FIXTURE"
"F09","P08 list from result","back / browser Forward / Back","p08Back + p12DocumentReturn","same documentId; recordCalls unchanged","#p02/inbound; step=4","docs/flows/home/home.mjs; scripts/check_flow_gate.cjs","history.state.p08 + views/context map retain filters/tab/scroll/action focus; p08Back returns caller; P18 caller remembers scroll/focus.","Verified stock receipt shares history and document identity; Back/Forward retain result; {""documentId"":""fixture-inbound-0005"",""historyId"":""receipt:fixture-inbound-0005"",""recordCalls"":1,""inventoryDelta"":0}","handoff/flow/evidence/journeys-final-02/results.json#J02","PASS_UI_FIXTURE"
"F10","P08.S02 LS-0001","document","unique explicit historyRecordId mapping","LS-0001,fixture-inbound-0005","#p02/documents?panel=2&doc=fixture-inbound-0005","docs/flows/home/home.mjs; scripts/check_flow_gate.cjs","history.state.p08 + views/context map retain filters/tab/scroll/action focus; p08Back returns caller; P18 caller remembers scroll/focus.","History explicit B08 mapping opens document and real PDF; caller tab/filter/focus restored; {""documentId"":""fixture-inbound-0005"",""recordId"":""LS-0001"",""pdfNonblank"":true}","handoff/flow/evidence/journeys-final-02/results.json#J03","PASS_UI_FIXTURE"
"F11","P08.S02 attachments","attachments","current document has real attachment IDs","documentId,fileId","#p02/attachments?panel=1&doc=fixture-inbound-0005","docs/flows/home/home.mjs; scripts/check_flow_gate.cjs","history.state.p08 + views/context map retain filters/tab/scroll/action focus; p08Back returns caller; P18 caller remembers scroll/focus.","History explicit B08 mapping opens document and real PDF; caller tab/filter/focus restored; {""documentId"":""fixture-inbound-0005"",""recordId"":""LS-0001"",""pdfNonblank"":true}","handoff/flow/evidence/journeys-final-02/results.json#J03","PASS_UI_FIXTURE"
"F12","P18.S01","view","exact owner file and URL","b12-attachment-1; local PDF","#p02/attachments?panel=2&doc=<id>&file=<id>","docs/flows/home/home.mjs; scripts/check_flow_gate.cjs","Owner remembers caller/context; route/dialog lifecycle consumes Back before restoring focus. See scoped evidence; no promise of persistence across reload.","History explicit B08 mapping opens document and real PDF; caller tab/filter/focus restored; {""documentId"":""fixture-inbound-0005"",""recordId"":""LS-0001"",""pdfNonblank"":true}","handoff/flow/evidence/journeys-final-02/results.json#J03","PASS_UI_FIXTURE"
"F13","P18 viewer/list","back twice","p18From + caller cache","filter,tab,scroll,focus","P08 attachments tab","docs/flows/home/home.mjs; scripts/check_flow_gate.cjs","Owner remembers caller/context; route/dialog lifecycle consumes Back before restoring focus. See scoped evidence; no promise of persistence across reload.","History explicit B08 mapping opens document and real PDF; caller tab/filter/focus restored; {""documentId"":""fixture-inbound-0005"",""recordId"":""LS-0001"",""pdfNonblank"":true}","handoff/flow/evidence/journeys-final-02/results.json#J03","PASS_UI_FIXTURE"
"F14","P08.S02 LS-0001","session","explicit B08 reference","B08 19 scans; not B23 PQ-0001","#p02/history-list?panel=3&session=PQ-0001","docs/flows/home/home.mjs; scripts/check_flow_gate.cjs","history.state.p08 + views/context map retain filters/tab/scroll/action focus; p08Back returns caller; P18 caller remembers scroll/focus.","History missing/invalid IDs never choose first record; legacy session stays B08; {""legacyScanCount"":""19"",""missingAndInvalidCases"":4,""defaultEventSources"":""unavailable, not fabricated""}","handoff/flow/evidence/journeys-final-02/results.json#J04","PASS_UI_FIXTURE"
"F15","P08 deep link","missing/invalid record or session","no fallback ID","4 missing/invalid payload cases","not-found state","docs/flows/home/home.mjs; scripts/check_flow_gate.cjs","history.state.p08 + views/context map retain filters/tab/scroll/action focus; p08Back returns caller; P18 caller remembers scroll/focus.","History missing/invalid IDs never choose first record; legacy session stays B08; {""legacyScanCount"":""19"",""missingAndInvalidCases"":4,""defaultEventSources"":""unavailable, not fabricated""}","handoff/flow/evidence/journeys-final-02/results.json#J04","PASS_UI_FIXTURE"
"F16","P22 hub","nfc / sessions","default unavailable sources","no fabricated event/session","#p02/history?scene=nfc or sessions","docs/flows/home/home.mjs; scripts/check_flow_gate.cjs","Owner remembers caller/context; route/dialog lifecycle consumes Back before restoring focus. See scoped evidence; no promise of persistence across reload.","History missing/invalid IDs never choose first record; legacy session stays B08; {""legacyScanCount"":""19"",""missingAndInvalidCases"":4,""defaultEventSources"":""unavailable, not fabricated""}","handoff/flow/evidence/journeys-final-02/results.json#J04","PASS_UI_FIXTURE"
"F17","P12 detail","refresh","auth only in page memory","old protected DOM removed","#login","docs/flows/home/home.mjs; scripts/check_flow_gate.cjs","Owner remembers caller/context; route/dialog lifecycle consumes Back before restoring focus. See scoped evidence; no promise of persistence across reload.","Refresh reauth gate and logout Back do not reveal old documents; {""preRefreshHash"":""#p02/documents?panel=2&doc=p12-stock-PX-0011"",""refresh"":""reauth required; page-memory receipt not durable"",""logout"":""no authenticated DOM""}","handoff/flow/evidence/journeys-final-02/results.json#J05","PASS_UI_FIXTURE"
"F18","P12","logout then Back","invalidated session","no old document DOM","#login","docs/flows/home/home.mjs; scripts/check_flow_gate.cjs","Owner remembers caller/context; route/dialog lifecycle consumes Back before restoring focus. See scoped evidence; no promise of persistence across reload.","Refresh reauth gate and logout Back do not reveal old documents; {""preRefreshHash"":""#p02/documents?panel=2&doc=p12-stock-PX-0011"",""refresh"":""reauth required; page-memory receipt not durable"",""logout"":""no authenticated DOM""}","handoff/flow/evidence/journeys-final-02/results.json#J05","PASS_UI_FIXTURE"
"F19","P04.S03","double send -> timeout-recorded","busy + UNKNOWN write lock","same request/document; recordCalls=1","P17.S04","docs/flows/home/home.mjs; scripts/check_flow_gate.cjs","Owner retains draft in page memory; waiting result return keyed by exact documentId; Back/Forward cannot resend.","UNKNOWN stock write only checks same request, no duplicate record; {""recordCalls"":1,""inventoryDelta"":0}","handoff/flow/evidence/journeys-final-02/results.json#J06","PASS_UI_FIXTURE"
"F20","P17.S04 inbound","check","same request status source","same request; no new record; inventoryDelta=0","P04.S04 / P24.S03","docs/flows/home/home.mjs; scripts/check_flow_gate.cjs","Owner remembers caller/context; route/dialog lifecycle consumes Back before restoring focus. See scoped evidence; no promise of persistence across reload.","UNKNOWN stock write only checks same request, no duplicate record; {""recordCalls"":1,""inventoryDelta"":0}","handoff/flow/evidence/journeys-final-02/results.json#J06","PASS_UI_FIXTURE"
"F21","P09.S03 BH-001","issue","open case + active warehouse","caseId,documentId,scanSessionId,version","#p02/component-issue?case=BH-001&doc=<id>&panel=1","docs/flows/home/home.mjs; scripts/check_flow_gate.cjs","Owner remembers caller/context; route/dialog lifecycle consumes Back before restoring focus. See scoped evidence; no promise of persistence across reload.","Entry warranty to component Post and shared case/history; {""caseId"":""BH-001"",""receiptId"":""XLK-DEMO-0001"",""commits"":1}","handoff/flow/evidence/journeys-final-02/results.json#J07","PASS_UI_FIXTURE"
"F22","P19.S03","double post","single-flight; verified stock and case","receiptId,requestId; commits=1","P19.S04","docs/flows/home/home.mjs; scripts/check_flow_gate.cjs","Scan Back -> P21 same owner; review Back -> scan; UNKNOWN stays locked; no discard by navigation.","Entry warranty to component Post and shared case/history; {""caseId"":""BH-001"",""receiptId"":""XLK-DEMO-0001"",""commits"":1}","handoff/flow/evidence/journeys-final-02/results.json#J07","PASS_UI_FIXTURE"
"F23","P19.S04","case","receipt confirmed by owner","same receiptId + focus marker","#p02/warranty?panel=3&tab=parts&case=BH-001","docs/flows/home/home.mjs; scripts/check_flow_gate.cjs","Scan Back -> P21 same owner; review Back -> scan; UNKNOWN stays locked; no discard by navigation.","Entry warranty to component Post and shared case/history; {""caseId"":""BH-001"",""receiptId"":""XLK-DEMO-0001"",""commits"":1}","handoff/flow/evidence/journeys-final-02/results.json#J07","PASS_UI_FIXTURE"
"F24","P09 parts","component-history","same case POSTED source","same receiptId","#p02/component-history?case=BH-001","docs/flows/home/home.mjs; scripts/check_flow_gate.cjs","Owner remembers caller/context; route/dialog lifecycle consumes Back before restoring focus. See scoped evidence; no promise of persistence across reload.","Entry warranty to component Post and shared case/history; {""caseId"":""BH-001"",""receiptId"":""XLK-DEMO-0001"",""commits"":1}","handoff/flow/evidence/journeys-final-02/results.json#J07","PASS_UI_FIXTURE"
"F25","P03.S02 legacy","resume","no matching P04/P05 owner","PN-0001,fixture-p03-scan-*,version,codes retained","blocked dependency dialog","docs/flows/home/home.mjs; scripts/check_flow_gate.cjs","Owner remembers caller/context; route/dialog lifecycle consumes Back before restoring focus. See scoped evidence; no promise of persistence across reload.","Legacy P03 draft cannot masquerade as a verified live owner; {""documentId"":""PN-0001"",""dependency"":""P03 legacy draft has no matching P04 owner; retained and blocked""}","handoff/flow/evidence/journeys-final-02/results.json#J08","BLOCKED_DEPENDENCY_GUARD_VERIFIED"
"F26","P09 closed BH-002","component-history","read allowed; write forbidden","caseId; issue disabled","#p02/component-history?case=BH-002","docs/flows/home/home.mjs; scripts/check_flow_gate.cjs","Owner remembers caller/context; route/dialog lifecycle consumes Back before restoring focus. See scoped evidence; no promise of persistence across reload.","Closed case read-only history and timeline use the same case identity; {""caseId"":""BH-002"",""readOnly"":true}","handoff/flow/evidence/journeys-final-02/results.json#J09","PASS_UI_FIXTURE"
"F27","P20 closed","timeline then Back","verified caller case","caseId + caller return","#p02/history?scene=warranty-detail&case=BH-002","docs/flows/home/home.mjs; scripts/check_flow_gate.cjs","Remember case/list/cursor/scroll/focus; late reads ignored after leave; p20From returns verified caller.","Closed case read-only history and timeline use the same case identity; {""caseId"":""BH-002"",""readOnly"":true}","handoff/flow/evidence/journeys-final-02/results.json#J09","PASS_UI_FIXTURE"
"F28","P05.S04","history -> document -> Back","verified record only","documentId,receipt ID; no Post","P08 -> P12 -> same P05 result","docs/flows/home/home.mjs; scripts/check_flow_gate.cjs","Owner retains draft in page memory; waiting result return keyed by exact documentId; Back/Forward cannot resend.","Outbound record and UNKNOWN reconciliation share receipt identity without Post; {""firstDocumentId"":""fixture-outbound-0005-1"",""secondDocumentId"":""fixture-outbound-0005-2"",""inventoryDelta"":0}","handoff/flow/evidence/journeys-final-02/results.json#J10","PASS_UI_FIXTURE"
"F29","P05.S03","timeout-recorded then check","UNKNOWN blocks send","same request; recordCalls unchanged; inventoryDelta=0","P17.S04 -> P05.S04","docs/flows/home/home.mjs; scripts/check_flow_gate.cjs","Owner retains draft in page memory; waiting result return keyed by exact documentId; Back/Forward cannot resend.","Outbound record and UNKNOWN reconciliation share receipt identity without Post; {""firstDocumentId"":""fixture-outbound-0005-1"",""secondDocumentId"":""fixture-outbound-0005-2"",""inventoryDelta"":0}","handoff/flow/evidence/journeys-final-02/results.json#J10","PASS_UI_FIXTURE"
"F30","P19.S01","back","live current owner","same document/session/version/lines","#p02/component-resume?panel=2&doc=<id>","docs/flows/home/home.mjs; scripts/check_flow_gate.cjs","Scan Back -> P21 same owner; review Back -> scan; UNKNOWN stays locked; no discard by navigation.","Live component draft resumes exact document/session/version through P21; {""documentId"":""DRAFT-DEMO-5784439c-5a48-46a1-9988-18f96dcb87e4"",""scanSessionId"":""0f059f84-b43c-4a47-a560-ca4a70e2ccf9"",""version"":2,""commits"":0}","handoff/flow/evidence/journeys-final-02/results.json#J11","PASS_UI_FIXTURE"
"F31","P21.S02","scan","checkpoint verified; writeGuard clear","same document/session/version/lines; commits=0","#p02/component-issue?case=<case>&doc=<id>&panel=1","docs/flows/home/home.mjs; scripts/check_flow_gate.cjs","Detail Back -> drafts; drafts Back -> Home; verified checkpoint required before continuing scan.","Live component draft resumes exact document/session/version through P21; {""documentId"":""DRAFT-DEMO-5784439c-5a48-46a1-9988-18f96dcb87e4"",""scanSessionId"":""0f059f84-b43c-4a47-a560-ca4a70e2ccf9"",""version"":2,""commits"":0}","handoff/flow/evidence/journeys-final-02/results.json#J11","PASS_UI_FIXTURE"
