"motion_prompt","panel_id","normal_status","reduced_status","off_status","flow_regression_status","decision","evidence","blocker"
"MOTION_P01","P01.S01","PASS","PASS","PASS","PASS","APPLIED","handoff/motion/M01/REPORT.md;handoff/motion/M01/evidence/verification.json",""
"MOTION_P01","P01.S02","PASS","PASS","PASS","PASS","APPLIED","handoff/motion/M01/REPORT.md;handoff/motion/M01/evidence/verification.json",""
"MOTION_P02","P02.S01","PASS","PASS","PASS","PASS","APPLIED","handoff/motion/M02/REPORT.md;handoff/motion/M02/evidence/results.json;handoff/motion/M02/evidence/summary.json",""
"MOTION_P03","P03.S01","PASS","PASS","PASS","PASS","APPLIED","handoff/motion/M03/REPORT.md;handoff/motion/M03/evidence/results.json;handoff/motion/M03/evidence/summary.json",""
"MOTION_P03","P03.S02","PASS","PASS","PASS","PASS","APPLIED","handoff/motion/M03/REPORT.md;handoff/motion/M03/evidence/results.json;handoff/motion/M03/evidence/summary.json",""
"MOTION_P03","P03.S03","PASS","PASS","PASS","PASS","APPLIED","handoff/motion/M03/REPORT.md;handoff/motion/M03/evidence/results.json;handoff/motion/M03/evidence/summary.json",""
"MOTION_P03","P03.S04","PASS","PASS","PASS","PASS","APPLIED","handoff/motion/M03/REPORT.md;handoff/motion/M03/evidence/results.json;handoff/motion/M03/evidence/summary.json",""
"MOTION_P04","P04.S01","PASS","PASS","PASS","PASS","APPLIED","handoff/motion/M04/REPORT.md;handoff/motion/M04/evidence/results.json;handoff/motion/M04/evidence/summary.json",""
"MOTION_P04","P04.S02","PASS","PASS","PASS","PASS","APPLIED","handoff/motion/M04/REPORT.md;handoff/motion/M04/evidence/results.json;handoff/motion/M04/evidence/summary.json",""
"MOTION_P04","P04.S03","PASS","PASS","PASS","PASS","STATIC_BY_DESIGN","handoff/motion/M04/REPORT.md;handoff/motion/M04/evidence/results.json;handoff/motion/M04/evidence/summary.json",""
"MOTION_P04","P04.S04","PASS","PASS","PASS","PASS","APPLIED","handoff/motion/M04/REPORT.md;handoff/motion/M04/evidence/results.json;handoff/motion/M04/evidence/summary.json",""
"MOTION_P05","P05.S01","PASS","PASS","PASS","PASS","APPLIED","handoff/motion/M05/REPORT.md;handoff/motion/M05/evidence/results.json;handoff/motion/M05/evidence/summary.json",""
"MOTION_P05","P05.S02","PASS","PASS","PASS","PASS","APPLIED","handoff/motion/M05/REPORT.md;handoff/motion/M05/evidence/results.json;handoff/motion/M05/evidence/summary.json",""
"MOTION_P05","P05.S03","PASS","PASS","PASS","PASS","APPLIED","handoff/motion/M05/REPORT.md;handoff/motion/M05/evidence/results.json;handoff/motion/M05/evidence/summary.json",""
"MOTION_P05","P05.S04","PASS","PASS","PASS","PASS","APPLIED","handoff/motion/M05/REPORT.md;handoff/motion/M05/evidence/results.json;handoff/motion/M05/evidence/summary.json",""
"MOTION_P06","P06.S01","PASS","PASS","PASS","PASS","APPLIED","handoff/motion/M06/REPORT.md;handoff/motion/M06/evidence/results.json;handoff/motion/M06/evidence/summary.json",""
"MOTION_P06","P06.S02","PASS","PASS","PASS","PASS","REUSED","handoff/motion/M06/REPORT.md;handoff/motion/M06/evidence/results.json;handoff/motion/M06/evidence/summary.json",""
"MOTION_P06","P06.S03","PASS","PASS","PASS","PASS","STATIC_BY_DESIGN","handoff/motion/M06/REPORT.md;handoff/motion/M06/evidence/results.json;handoff/motion/M06/evidence/summary.json",""
"MOTION_P06","P06.S04","PASS","PASS","PASS","PASS","APPLIED","handoff/motion/M06/REPORT.md;handoff/motion/M06/evidence/results.json;handoff/motion/M06/evidence/summary.json",""
"MOTION_P07","P07.S01","PASS","PASS","PASS","PASS","APPLIED","handoff/motion/M07/REPORT.md;handoff/motion/M07/evidence/results.json;handoff/motion/M07/evidence/geometry-comparison.json",""
"MOTION_P07","P07.S02","PASS","PASS","PASS","PASS","STATIC_BY_DESIGN","handoff/motion/M07/REPORT.md;handoff/motion/M07/evidence/results.json;handoff/motion/M07/evidence/geometry-comparison.json",""
"MOTION_P07","P07.S03","PASS","PASS","PASS","PASS","APPLIED","handoff/motion/M07/REPORT.md;handoff/motion/M07/evidence/results.json;handoff/motion/M07/evidence/geometry-comparison.json",""
"MOTION_P07","P07.S04","PASS","PASS","PASS","PASS","APPLIED","handoff/motion/M07/REPORT.md;handoff/motion/M07/evidence/results.json;handoff/motion/M07/evidence/geometry-comparison.json",""
"MOTION_P08","P08.S01","PASS","PASS","PASS","PASS","APPLIED","handoff/motion/M08/REPORT.md;handoff/motion/M08/evidence/results.json;handoff/motion/M08/evidence/geometry-comparison.json",""
"MOTION_P08","P08.S02","PASS","PASS","PASS","PASS","REUSED","handoff/motion/M08/REPORT.md;handoff/motion/M08/evidence/results.json;handoff/motion/M08/evidence/geometry-comparison.json",""
"MOTION_P08","P08.S03","PASS","PASS","PASS","PASS","STATIC_BY_DESIGN","handoff/motion/M08/REPORT.md;handoff/motion/M08/evidence/results.json;handoff/motion/M08/evidence/geometry-comparison.json",""
"MOTION_P08","P08.S04","PASS","PASS","PASS","PASS","APPLIED","handoff/motion/M08/REPORT.md;handoff/motion/M08/evidence/results.json;handoff/motion/M08/evidence/geometry-comparison.json",""
"MOTION_P09","P09.S01","PASS","PASS","PASS","PASS","APPLIED","handoff/motion/M09/REPORT.md;handoff/motion/M09/evidence/verified/results.json;handoff/motion/M09/evidence/geometry-comparison.json",""
"MOTION_P09","P09.S02","PASS","PASS","PASS","PASS","APPLIED","handoff/motion/M09/REPORT.md;handoff/motion/M09/evidence/verified/results.json;handoff/motion/M09/evidence/geometry-comparison.json",""
"MOTION_P09","P09.S03","PASS","PASS","PASS","PASS","APPLIED","handoff/motion/M09/REPORT.md;handoff/motion/M09/evidence/verified/results.json;handoff/motion/M09/evidence/geometry-comparison.json",""
"MOTION_P09","P09.S04","PASS","PASS","PASS","PASS","APPLIED","handoff/motion/M09/REPORT.md;handoff/motion/M09/evidence/verified/results.json;handoff/motion/M09/evidence/geometry-comparison.json",""
"MOTION_P10","P10.S01","PASS","PASS","PASS","PASS","APPLIED","handoff/motion/M10/REPORT.md;handoff/motion/M10/evidence/results.json;handoff/motion/M10/SUMMARY.json",""
"MOTION_P10","P10.S02","PASS","PASS","PASS","PASS","APPLIED","handoff/motion/M10/REPORT.md;handoff/motion/M10/evidence/results.json;handoff/motion/M10/SUMMARY.json",""
"MOTION_P10","P10.S03","PASS","PASS","PASS","PASS","APPLIED","handoff/motion/M10/REPORT.md;handoff/motion/M10/evidence/results.json;handoff/motion/M10/SUMMARY.json",""
"MOTION_P10","P10.S04","PASS","PASS","PASS","PASS","REUSED","handoff/motion/M10/REPORT.md;handoff/motion/M10/evidence/results.json;handoff/motion/M10/SUMMARY.json",""
"MOTION_P11","P11.S01","PASS","PASS","PASS","PASS","APPLIED","handoff/motion/M11/REPORT.md;handoff/motion/M11/verified-05/results.json;handoff/motion/M11/shell-final/results.json",""
"MOTION_P11","P11.S02","PASS","PASS","PASS","PASS","APPLIED","handoff/motion/M11/REPORT.md;handoff/motion/M11/verified-05/results.json;handoff/motion/M11/shell-final/results.json",""
"MOTION_P11","P11.S03","PASS","PASS","PASS","PASS","APPLIED","handoff/motion/M11/REPORT.md;handoff/motion/M11/verified-05/results.json;handoff/motion/M11/shell-final/results.json",""
"MOTION_P11","P11.S04","PASS","PASS","PASS","PASS","APPLIED;STATIC_BY_DESIGN_INPUTS_ROWS_EXIT","handoff/motion/M11/REPORT.md;handoff/motion/M11/verified-05/results.json;handoff/motion/M11/shell-final/results.json",""
"MOTION_P12","P12.S01","PASS","PASS","PASS","PASS","APPLIED","handoff/motion/M12/REPORT.md;handoff/motion/M12/evidence/results.json;handoff/motion/M12/shell-regression/results.json",""
"MOTION_P12","P12.S02","PASS","PASS","PASS","PASS","REUSED","handoff/motion/M12/REPORT.md;handoff/motion/M12/evidence/results.json;handoff/motion/M12/shell-regression/results.json",""
"MOTION_P12","P12.S03","PASS","PASS","PASS","PASS","APPLIED","handoff/motion/M12/REPORT.md;handoff/motion/M12/evidence/results.json;handoff/motion/M12/shell-regression/results.json",""
"MOTION_P12","P12.S04","PASS","PASS","PASS","PASS","APPLIED","handoff/motion/M12/REPORT.md;handoff/motion/M12/evidence/results.json;handoff/motion/M12/shell-regression/results.json",""
"MOTION_P13","P13.S01","PASS","PASS","PASS","PASS","APPLIED","handoff/motion/M13/REPORT.md;handoff/motion/M13/SUMMARY.json;D:/CodexTemp/ScannerHNApp-M13/evidence/after/results.json","Production/hardware NOT_RUN; visual review pending; S03/S04 remain MIGRATED. Auto S04 small footer-shadow pixel delta, geometry equal."
"MOTION_P13","P13.S02","PASS","PASS","PASS","PASS","APPLIED","handoff/motion/M13/REPORT.md;handoff/motion/M13/SUMMARY.json;D:/CodexTemp/ScannerHNApp-M13/evidence/after/results.json","Production/hardware NOT_RUN; visual review pending; S03/S04 remain MIGRATED. Auto S04 small footer-shadow pixel delta, geometry equal."
"MOTION_P13","P13.S03","PASS","PASS","PASS","PASS","APPLIED","handoff/motion/M13/REPORT.md;handoff/motion/M13/SUMMARY.json;D:/CodexTemp/ScannerHNApp-M13/evidence/after/results.json","Production/hardware NOT_RUN; visual review pending; S03/S04 remain MIGRATED. Auto S04 small footer-shadow pixel delta, geometry equal."
"MOTION_P13","P13.S04","PASS","PASS","PASS","PASS","APPLIED","handoff/motion/M13/REPORT.md;handoff/motion/M13/SUMMARY.json;D:/CodexTemp/ScannerHNApp-M13/evidence/after/results.json","Production/hardware NOT_RUN; visual review pending; S03/S04 remain MIGRATED. Auto S04 small footer-shadow pixel delta, geometry equal."
"MOTION_P14","P14.S01","PASS","PASS","PASS","PASS","APPLIED","handoff/motion/M14/REPORT.md;handoff/motion/M14/SUMMARY.json;handoff/motion/M14/evidence/after/results.json",""
"MOTION_P14","P14.S02","PASS","PASS","PASS","PASS","APPLIED","handoff/motion/M14/REPORT.md;handoff/motion/M14/SUMMARY.json;handoff/motion/M14/evidence/after/results.json",""
"MOTION_P14","P14.S03","PASS","PASS","PASS","PASS","REUSED","handoff/motion/M14/REPORT.md;handoff/motion/M14/SUMMARY.json;handoff/motion/M14/evidence/after/results.json",""
"MOTION_P14","P14.S04","PASS","PASS","PASS","PASS","REUSED","handoff/motion/M14/REPORT.md;handoff/motion/M14/SUMMARY.json;handoff/motion/M14/evidence/after/results.json",""
"MOTION_P15","P15.S01","PASS","PASS","PASS","PASS","APPLIED","handoff/motion/M15/REPORT.md; handoff/motion/M15/evidence/after/results.json; handoff/motion/M15/pixel-comparison.json","Visual review pending; production/native hardware unverified; no FPS claim."
"MOTION_P15","P15.S02","PASS","PASS","PASS","PASS","STATIC_BY_DESIGN","handoff/motion/M15/REPORT.md; handoff/motion/M15/evidence/after/results.json; handoff/motion/M15/pixel-comparison.json","Visual review pending; production/native hardware unverified; no FPS claim."
"MOTION_P15","P15.S03","PASS","PASS","PASS","PASS","APPLIED","handoff/motion/M15/REPORT.md; handoff/motion/M15/evidence/after/results.json; handoff/motion/M15/pixel-comparison.json","Visual review pending; production/native hardware unverified; no FPS claim."
"MOTION_P15","P15.S04","PASS","PASS","PASS","PASS","REUSED","handoff/motion/M15/REPORT.md; handoff/motion/M15/evidence/after/results.json; handoff/motion/M15/pixel-comparison.json","Visual review pending; production/native hardware unverified; no FPS claim."
"MOTION_P16","P16.S01","PASS","PASS","PASS","PASS","REUSED","handoff/motion/M16/REPORT.md; handoff/motion/M16/evidence/results.json; handoff/motion/M16/m12-regression/results.json","Visual review pending; production/hardware NOT_RUN. Raw raster differences retained, no pixel-perfect claim."
"MOTION_P16","P16.S02","PASS","PASS","PASS","PASS","APPLIED","handoff/motion/M16/REPORT.md; handoff/motion/M16/evidence/results.json; handoff/motion/M16/m12-regression/results.json","Visual review pending; production/hardware NOT_RUN. Raw raster differences retained, no pixel-perfect claim."
"MOTION_P16","P16.S03","PASS","PASS","PASS","PASS","APPLIED","handoff/motion/M16/REPORT.md; handoff/motion/M16/evidence/results.json; handoff/motion/M16/m12-regression/results.json","Visual review pending; production/hardware NOT_RUN. Raw raster differences retained, no pixel-perfect claim."
"MOTION_P16","P16.S04","PASS","PASS","PASS","PASS","STATIC_BY_DESIGN","handoff/motion/M16/REPORT.md; handoff/motion/M16/evidence/results.json; handoff/motion/M16/m12-regression/results.json","Visual review pending; production/hardware NOT_RUN. Raw raster differences retained, no pixel-perfect claim."
"MOTION_P17","P17.S01","PASS","PASS","PASS","PASS","APPLIED","handoff/motion/M17/REPORT.md;handoff/motion/M17/evidence/results.json;handoff/motion/M17/evidence/comparison.json","Visual user review pending; production/hardware NOT_RUN"
"MOTION_P17","P17.S02","PASS","PASS","PASS","PASS","APPLIED","handoff/motion/M17/REPORT.md;handoff/motion/M17/evidence/results.json;handoff/motion/M17/evidence/comparison.json","Visual user review pending; production/hardware NOT_RUN"
"MOTION_P17","P17.S03","PASS","PASS","PASS","PASS","REUSED","handoff/motion/M17/REPORT.md;handoff/motion/M17/evidence/results.json;handoff/motion/M17/evidence/comparison.json","Visual user review pending; production/hardware NOT_RUN"
"MOTION_P17","P17.S04","PASS","PASS","PASS","PASS","APPLIED","handoff/motion/M17/REPORT.md;handoff/motion/M17/evidence/results.json;handoff/motion/M17/evidence/comparison.json","Visual user review pending; production/hardware NOT_RUN"
"MOTION_P18","P18.S01","PASS","PASS","PASS","PASS","APPLIED","handoff/motion/M18/REPORT.md;handoff/motion/M18/evidence/results.json;handoff/motion/M18/evidence/comparison.json;handoff/motion/M18/regression/m02/results.json","Motion visual user review pending; production upload/handoff/location and physical hardware remain unverified. Static inputs/counters/success guard documented in REPORT."
"MOTION_P18","P18.S02","PASS","PASS","PASS","PASS","APPLIED","handoff/motion/M18/REPORT.md;handoff/motion/M18/evidence/results.json;handoff/motion/M18/evidence/comparison.json;handoff/motion/M18/regression/m02/results.json","Motion visual user review pending; production upload/handoff/location and physical hardware remain unverified. Static inputs/counters/success guard documented in REPORT."
"MOTION_P18","P18.S03","PASS","PASS","PASS","PASS","APPLIED","handoff/motion/M18/REPORT.md;handoff/motion/M18/evidence/results.json;handoff/motion/M18/evidence/comparison.json;handoff/motion/M18/regression/m02/results.json","Motion visual user review pending; production upload/handoff/location and physical hardware remain unverified. Static inputs/counters/success guard documented in REPORT."
"MOTION_P18","P18.S04","PASS","PASS","PASS","PASS","APPLIED","handoff/motion/M18/REPORT.md;handoff/motion/M18/evidence/results.json;handoff/motion/M18/evidence/comparison.json;handoff/motion/M18/regression/m02/results.json","Motion visual user review pending; production upload/handoff/location and physical hardware remain unverified. Static inputs/counters/success guard documented in REPORT."
"MOTION_P19","P19.S01","PASS","PASS","PASS","PASS","APPLIED","handoff/motion/M19/REPORT.md;handoff/motion/M19/evidence/results.json;handoff/motion/M19/visual-comparison.json","Motion visual user review pending; production and physical hardware NOT_RUN. Static camera/input/counters and guarded results verified."
"MOTION_P19","P19.S02","PASS","PASS","PASS","PASS","APPLIED","handoff/motion/M19/REPORT.md;handoff/motion/M19/evidence/results.json;handoff/motion/M19/visual-comparison.json","Motion visual user review pending; production and physical hardware NOT_RUN. Static camera/input/counters and guarded results verified."
"MOTION_P19","P19.S03","PASS","PASS","PASS","PASS","APPLIED","handoff/motion/M19/REPORT.md;handoff/motion/M19/evidence/results.json;handoff/motion/M19/visual-comparison.json","Motion visual user review pending; production and physical hardware NOT_RUN. Static camera/input/counters and guarded results verified."
"MOTION_P19","P19.S04","PASS","PASS","PASS","PASS","APPLIED","handoff/motion/M19/REPORT.md;handoff/motion/M19/evidence/results.json;handoff/motion/M19/visual-comparison.json","Motion visual user review pending; production and physical hardware NOT_RUN. Static camera/input/counters and guarded results verified."
"MOTION_P20","P20.S01","PASS","PASS","PASS","PASS","STATIC_BY_DESIGN","handoff/motion/M20/REPORT.md; handoff/motion/M20/evidence/results.json; handoff/motion/M20/SUMMARY.json","Production/hardware NOT_RUN; visual review pending; long-list virtualization DEFERRED, synthetic300 profile recorded."
"MOTION_P20","P20.S02","PASS","PASS","PASS","PASS","APPLIED","handoff/motion/M20/REPORT.md; handoff/motion/M20/evidence/results.json; handoff/motion/M20/SUMMARY.json","Production/hardware NOT_RUN; visual review pending; long-list virtualization DEFERRED, synthetic300 profile recorded."
"MOTION_P20","P20.S03","PASS","PASS","PASS","PASS","APPLIED","handoff/motion/M20/REPORT.md; handoff/motion/M20/evidence/results.json; handoff/motion/M20/SUMMARY.json","Production/hardware NOT_RUN; visual review pending; long-list virtualization DEFERRED, synthetic300 profile recorded."
"MOTION_P20","P20.S04","PASS","PASS","PASS","PASS","APPLIED","handoff/motion/M20/REPORT.md; handoff/motion/M20/evidence/results.json; handoff/motion/M20/SUMMARY.json","Production/hardware NOT_RUN; visual review pending; long-list virtualization DEFERRED, synthetic300 profile recorded."
"MOTION_P21","P21.S01","PASS","PASS","PASS","PASS","APPLIED","handoff/motion/M21/REPORT.md;handoff/motion/M21/evidence/results.json;handoff/motion/M21/SUMMARY.json","Production/hardware unverified; motion visual review pending"
"MOTION_P21","P21.S02","PASS","PASS","PASS","PASS","REUSED","handoff/motion/M21/REPORT.md;handoff/motion/M21/evidence/results.json;handoff/motion/M21/SUMMARY.json","Production/hardware unverified; motion visual review pending"
"MOTION_P21","P21.S03","PASS","PASS","PASS","PASS","APPLIED","handoff/motion/M21/REPORT.md;handoff/motion/M21/evidence/results.json;handoff/motion/M21/SUMMARY.json","Production/hardware unverified; motion visual review pending"
"MOTION_P21","P21.S04","PASS","PASS","PASS","PASS","APPLIED","handoff/motion/M21/REPORT.md;handoff/motion/M21/evidence/results.json;handoff/motion/M21/SUMMARY.json","Production/hardware unverified; motion visual review pending"
"MOTION_P22","P22.S01","PASS","PASS","PASS","PASS","APPLIED","handoff/motion/M22/REPORT.md;handoff/motion/M22/evidence/results.json;handoff/motion/M22/SUMMARY.json","Motion visual review pending; production/hardware unverified"
"MOTION_P22","P22.S02","PASS","PASS","PASS","PASS","APPLIED","handoff/motion/M22/REPORT.md;handoff/motion/M22/evidence/results.json;handoff/motion/M22/SUMMARY.json","Motion visual review pending; production/hardware unverified"
"MOTION_P22","P22.S03","PASS","PASS","PASS","PASS","REUSED","handoff/motion/M22/REPORT.md;handoff/motion/M22/evidence/results.json;handoff/motion/M22/SUMMARY.json","Motion visual review pending; production/hardware unverified"
"MOTION_P22","P22.S04","PASS","PASS","PASS","PASS","STATIC_BY_DESIGN","handoff/motion/M22/REPORT.md;handoff/motion/M22/evidence/results.json;handoff/motion/M22/SUMMARY.json","Motion visual review pending; production/hardware unverified"
"MOTION_P23","P23.S01","PASS","PASS","PASS","PASS","APPLIED","handoff/motion/M23/REPORT.md;handoff/motion/M23/evidence/results.json;handoff/motion/M23/SUMMARY.json","Motion visual review pending; production/hardware unverified"
"MOTION_P23","P23.S02","PASS","PASS","PASS","PASS","STATIC_BY_DESIGN","handoff/motion/M23/REPORT.md;handoff/motion/M23/evidence/results.json;handoff/motion/M23/SUMMARY.json","Motion visual review pending; production/hardware unverified"
"MOTION_P23","P23.S03","PASS","PASS","PASS","PASS","APPLIED","handoff/motion/M23/REPORT.md;handoff/motion/M23/evidence/results.json;handoff/motion/M23/SUMMARY.json","Motion visual review pending; production/hardware unverified"
"MOTION_P23","P23.S04","PASS","PASS","PASS","PASS","REUSED","handoff/motion/M23/REPORT.md;handoff/motion/M23/evidence/results.json;handoff/motion/M23/SUMMARY.json","Motion visual review pending; production/hardware unverified"
"MOTION_P24","P24.S01","NOT_STARTED","NOT_STARTED","NOT_STARTED","PASS","PENDING","",""
"MOTION_P24","P24.S02","NOT_STARTED","NOT_STARTED","NOT_STARTED","PASS","PENDING","",""
"MOTION_P24","P24.S03","NOT_STARTED","NOT_STARTED","NOT_STARTED","PASS","PENDING","",""
"MOTION_P24","P24.S04","NOT_STARTED","NOT_STARTED","NOT_STARTED","PASS","PENDING","",""
