prompt_id,title,group,source_board_number,prompt_file,reference_file,board_path,panel_count,source_commit,source_url
P01,Đăng nhập & Xác nhận phiên,ORIGINAL — đã khóa,original,P01_Dang_nhap_Xac_nhan_phien.md,references/B01.jpg,design/01_Main/BOARDS/00_LOCKED_ORIGINALS/01_Dang_nhap_va_Xac_nhan_phien_ORIGINAL.jpg,2,da9f623a19d0359c3e80c14f8cc612636ec6ab78,https://github.com/Duc-Nguyen98/ScannerHNApp/blob/da9f623a19d0359c3e80c14f8cc612636ec6ab78/design/01_Main/BOARDS/00_LOCKED_ORIGINALS/01_Dang_nhap_va_Xac_nhan_phien_ORIGINAL.jpg
P02,Trang chủ đã khóa,ORIGINAL — đã khóa,original,P02_Trang_chu.md,references/B02.jpg,design/01_Main/BOARDS/00_LOCKED_ORIGINALS/02_Trang_chu_ORIGINAL.jpg,1,da9f623a19d0359c3e80c14f8cc612636ec6ab78,https://github.com/Duc-Nguyen98/ScannerHNApp/blob/da9f623a19d0359c3e80c14f8cc612636ec6ab78/design/01_Main/BOARDS/00_LOCKED_ORIGINALS/02_Trang_chu_ORIGINAL.jpg
P03,Dialog cố định,LEGACY_ADAPTED — đối chiếu nghiệp vụ hiện hành,01,P03_Dialog_co_dinh.md,references/B03.png,design/01_Main/BOARDS/01_UPDATED_BOARDS/01_dialog_header_aligned_v2.png,4,da9f623a19d0359c3e80c14f8cc612636ec6ab78,https://github.com/Duc-Nguyen98/ScannerHNApp/blob/da9f623a19d0359c3e80c14f8cc612636ec6ab78/design/01_Main/BOARDS/01_UPDATED_BOARDS/01_dialog_header_aligned_v2.png
P04,Nhập kho,LEGACY_ADAPTED — đối chiếu nghiệp vụ hiện hành,02,P04_Nhap_kho.md,references/B04.png,design/01_Main/BOARDS/01_UPDATED_BOARDS/02_nhap_kho.png,4,da9f623a19d0359c3e80c14f8cc612636ec6ab78,https://github.com/Duc-Nguyen98/ScannerHNApp/blob/da9f623a19d0359c3e80c14f8cc612636ec6ab78/design/01_Main/BOARDS/01_UPDATED_BOARDS/02_nhap_kho.png
P05,Xuất kho,LEGACY_ADAPTED — đối chiếu nghiệp vụ hiện hành,03,P05_Xuat_kho.md,references/B05.png,design/01_Main/BOARDS/01_UPDATED_BOARDS/03_xuat_kho.png,4,da9f623a19d0359c3e80c14f8cc612636ec6ab78,https://github.com/Duc-Nguyen98/ScannerHNApp/blob/da9f623a19d0359c3e80c14f8cc612636ec6ab78/design/01_Main/BOARDS/01_UPDATED_BOARDS/03_xuat_kho.png
P06,Tra cứu,LEGACY_ADAPTED — đối chiếu nghiệp vụ hiện hành,04,P06_Tra_cuu.md,references/B06.png,design/01_Main/BOARDS/01_UPDATED_BOARDS/04_tra_cuu.png,4,da9f623a19d0359c3e80c14f8cc612636ec6ab78,https://github.com/Duc-Nguyen98/ScannerHNApp/blob/da9f623a19d0359c3e80c14f8cc612636ec6ab78/design/01_Main/BOARDS/01_UPDATED_BOARDS/04_tra_cuu.png
P07,NFC,LEGACY_ADAPTED — đối chiếu nghiệp vụ hiện hành,05,P07_The_NFC.md,references/B07.png,design/01_Main/BOARDS/01_UPDATED_BOARDS/05_nfc.png,4,da9f623a19d0359c3e80c14f8cc612636ec6ab78,https://github.com/Duc-Nguyen98/ScannerHNApp/blob/da9f623a19d0359c3e80c14f8cc612636ec6ab78/design/01_Main/BOARDS/01_UPDATED_BOARDS/05_nfc.png
P08,Lịch sử,LEGACY_ADAPTED — đối chiếu nghiệp vụ hiện hành,06,P08_Lich_su.md,references/B08.png,design/01_Main/BOARDS/01_UPDATED_BOARDS/06_lich_su.png,4,da9f623a19d0359c3e80c14f8cc612636ec6ab78,https://github.com/Duc-Nguyen98/ScannerHNApp/blob/da9f623a19d0359c3e80c14f8cc612636ec6ab78/design/01_Main/BOARDS/01_UPDATED_BOARDS/06_lich_su.png
P09,Bảo hành,LEGACY_ADAPTED — đối chiếu nghiệp vụ hiện hành,07,P09_Bao_hanh.md,references/B09.png,design/01_Main/BOARDS/01_UPDATED_BOARDS/07_bao_hanh.png,4,da9f623a19d0359c3e80c14f8cc612636ec6ab78,https://github.com/Duc-Nguyen98/ScannerHNApp/blob/da9f623a19d0359c3e80c14f8cc612636ec6ab78/design/01_Main/BOARDS/01_UPDATED_BOARDS/07_bao_hanh.png
P10,Cá nhân,LEGACY_ADAPTED — đối chiếu nghiệp vụ hiện hành,08,P10_Ca_nhan.md,references/B10.png,design/01_Main/BOARDS/01_UPDATED_BOARDS/08_ca_nhan.png,4,da9f623a19d0359c3e80c14f8cc612636ec6ab78,https://github.com/Duc-Nguyen98/ScannerHNApp/blob/da9f623a19d0359c3e80c14f8cc612636ec6ab78/design/01_Main/BOARDS/01_UPDATED_BOARDS/08_ca_nhan.png
P11,Bảo mật,LEGACY_ADAPTED — đối chiếu nghiệp vụ hiện hành,09,P11_Bao_mat.md,references/B11.png,design/01_Main/BOARDS/01_UPDATED_BOARDS/09_bao_mat.png,4,da9f623a19d0359c3e80c14f8cc612636ec6ab78,https://github.com/Duc-Nguyen98/ScannerHNApp/blob/da9f623a19d0359c3e80c14f8cc612636ec6ab78/design/01_Main/BOARDS/01_UPDATED_BOARDS/09_bao_mat.png
P12,Chứng từ,LEGACY_ADAPTED — đối chiếu nghiệp vụ hiện hành,10,P12_Chung_tu.md,references/B12.png,design/01_Main/BOARDS/01_UPDATED_BOARDS/10_chung_tu.png,4,da9f623a19d0359c3e80c14f8cc612636ec6ab78,https://github.com/Duc-Nguyen98/ScannerHNApp/blob/da9f623a19d0359c3e80c14f8cc612636ec6ab78/design/01_Main/BOARDS/01_UPDATED_BOARDS/10_chung_tu.png
P13,Thông báo phê duyệt,LEGACY_ADAPTED — đối chiếu nghiệp vụ hiện hành,11,P13_Thong_bao_Phe_duyet.md,references/B13.png,design/01_Main/BOARDS/02_NEW_BOARDS/11_thong_bao_phe_duyet.png,4,da9f623a19d0359c3e80c14f8cc612636ec6ab78,https://github.com/Duc-Nguyen98/ScannerHNApp/blob/da9f623a19d0359c3e80c14f8cc612636ec6ab78/design/01_Main/BOARDS/02_NEW_BOARDS/11_thong_bao_phe_duyet.png
P14,Khôi phục ca,LEGACY_ADAPTED — đối chiếu nghiệp vụ hiện hành,12,P14_Khoi_phuc_Ca_lam_viec.md,references/B14.png,design/01_Main/BOARDS/02_NEW_BOARDS/12_khoi_phuc_va_ca_fixed.png,4,da9f623a19d0359c3e80c14f8cc612636ec6ab78,https://github.com/Duc-Nguyen98/ScannerHNApp/blob/da9f623a19d0359c3e80c14f8cc612636ec6ab78/design/01_Main/BOARDS/02_NEW_BOARDS/12_khoi_phuc_va_ca_fixed.png
P15,Hệ thống,LEGACY_ADAPTED — đối chiếu nghiệp vụ hiện hành,13,P15_He_thong.md,references/B15.png,design/01_Main/BOARDS/02_NEW_BOARDS/13_he_thong_fixed.png,4,da9f623a19d0359c3e80c14f8cc612636ec6ab78,https://github.com/Duc-Nguyen98/ScannerHNApp/blob/da9f623a19d0359c3e80c14f8cc612636ec6ab78/design/01_Main/BOARDS/02_NEW_BOARDS/13_he_thong_fixed.png
P16,Dữ liệu quyết lỗi,LEGACY_ADAPTED — đối chiếu nghiệp vụ hiện hành,14,P16_Du_lieu_Trang_thai.md,references/B16.png,design/01_Main/BOARDS/02_NEW_BOARDS/14_du_lieu_quyet_loi_fixed.png,4,da9f623a19d0359c3e80c14f8cc612636ec6ab78,https://github.com/Duc-Nguyen98/ScannerHNApp/blob/da9f623a19d0359c3e80c14f8cc612636ec6ab78/design/01_Main/BOARDS/02_NEW_BOARDS/14_du_lieu_quyet_loi_fixed.png
P17,Ngoại lệ quét,LEGACY_ADAPTED — đối chiếu nghiệp vụ hiện hành,15,P17_Ngoai_le_quet.md,references/B17.png,design/01_Main/BOARDS/02_NEW_BOARDS/15_ngoai_le_quet_fixed.png,4,da9f623a19d0359c3e80c14f8cc612636ec6ab78,https://github.com/Duc-Nguyen98/ScannerHNApp/blob/da9f623a19d0359c3e80c14f8cc612636ec6ab78/design/01_Main/BOARDS/02_NEW_BOARDS/15_ngoai_le_quet_fixed.png
P18,Đính kèm bàn giao,LEGACY_ADAPTED — đối chiếu nghiệp vụ hiện hành,16,P18_Dinh_kem_Ban_giao.md,references/B18.png,design/01_Main/BOARDS/02_NEW_BOARDS/16_dinh_kem_ban_giao_fixed.png,4,da9f623a19d0359c3e80c14f8cc612636ec6ab78,https://github.com/Duc-Nguyen98/ScannerHNApp/blob/da9f623a19d0359c3e80c14f8cc612636ec6ab78/design/01_Main/BOARDS/02_NEW_BOARDS/16_dinh_kem_ban_giao_fixed.png
P19,17 · Xuất linh kiện bảo hành,CURRENT — bộ hiện hành,17,P19_Xuat_linh_kien_bao_hanh.md,references/B19.png,design/01_Main/BOARDS/02_NEW_BOARDS/17_xuat_linh_kien_bao_hanh.png,4,da9f623a19d0359c3e80c14f8cc612636ec6ab78,https://github.com/Duc-Nguyen98/ScannerHNApp/blob/da9f623a19d0359c3e80c14f8cc612636ec6ab78/design/01_Main/BOARDS/02_NEW_BOARDS/17_xuat_linh_kien_bao_hanh.png
P20,18 · Lịch sử linh kiện,CURRENT — bộ hiện hành,18,P20_Lich_su_linh_kien.md,references/B20.png,design/01_Main/BOARDS/02_NEW_BOARDS/18_lich_su_linh_kien.png,4,da9f623a19d0359c3e80c14f8cc612636ec6ab78,https://github.com/Duc-Nguyen98/ScannerHNApp/blob/da9f623a19d0359c3e80c14f8cc612636ec6ab78/design/01_Main/BOARDS/02_NEW_BOARDS/18_lich_su_linh_kien.png
P21,19 · Tiếp tục phiếu linh kiện,CURRENT — bộ hiện hành,19,P21_Tiep_tuc_phieu_linh_kien.md,references/B21.png,design/01_Main/BOARDS/02_NEW_BOARDS/19_tiep_tuc_phieu_linh_kien.png,4,da9f623a19d0359c3e80c14f8cc612636ec6ab78,https://github.com/Duc-Nguyen98/ScannerHNApp/blob/da9f623a19d0359c3e80c14f8cc612636ec6ab78/design/01_Main/BOARDS/02_NEW_BOARDS/19_tiep_tuc_phieu_linh_kien.png
P22,20 · Lịch sử thao tác & NFC,CURRENT — bộ hiện hành,20,P22_Lich_su_thao_tac_NFC.md,references/B22.png,design/01_Main/BOARDS/02_NEW_BOARDS/20_lich_su_thao_tac_nfc.png,4,da9f623a19d0359c3e80c14f8cc612636ec6ab78,https://github.com/Duc-Nguyen98/ScannerHNApp/blob/da9f623a19d0359c3e80c14f8cc612636ec6ab78/design/01_Main/BOARDS/02_NEW_BOARDS/20_lich_su_thao_tac_nfc.png
P23,21 · Bảo hành & phiên quét,CURRENT — bộ hiện hành,21,P23_Bao_hanh_Phien_quet.md,references/B23.png,design/01_Main/BOARDS/02_NEW_BOARDS/21_lich_su_bao_hanh_phien_quet.png,4,da9f623a19d0359c3e80c14f8cc612636ec6ab78,https://github.com/Duc-Nguyen98/ScannerHNApp/blob/da9f623a19d0359c3e80c14f8cc612636ec6ab78/design/01_Main/BOARDS/02_NEW_BOARDS/21_lich_su_bao_hanh_phien_quet.png
P24,22 · Trạng thái Scanner,CURRENT — bộ hiện hành,22,P24_Trang_thai_Scanner.md,references/B24.png,design/01_Main/BOARDS/02_NEW_BOARDS/22_trang_thai_scanner.png,4,da9f623a19d0359c3e80c14f8cc612636ec6ab78,https://github.com/Duc-Nguyen98/ScannerHNApp/blob/da9f623a19d0359c3e80c14f8cc612636ec6ab78/design/01_Main/BOARDS/02_NEW_BOARDS/22_trang_thai_scanner.png
