prompt_id,board_path,panel_id,title,disposition,visual_status,behavior_status,integration_status,evidence,blocker
P01,design/01_Main/BOARDS/00_LOCKED_ORIGINALS/01_Dang_nhap_va_Xac_nhan_phien_ORIGINAL.jpg,P01.S01,Đăng nhập,ORIGINAL,NOT_STARTED,NOT_STARTED,NOT_STARTED,,
P01,design/01_Main/BOARDS/00_LOCKED_ORIGINALS/01_Dang_nhap_va_Xac_nhan_phien_ORIGINAL.jpg,P01.S02,Xác nhận phiên làm việc,ORIGINAL,NOT_STARTED,NOT_STARTED,NOT_STARTED,,
P02,design/01_Main/BOARDS/00_LOCKED_ORIGINALS/02_Trang_chu_ORIGINAL.jpg,P02.S01,Trang chủ mặc định,ORIGINAL,NOT_STARTED,NOT_STARTED,NOT_STARTED,,
P03,design/01_Main/BOARDS/01_UPDATED_BOARDS/01_dialog_header_aligned_v2.png,P03.S01,Chọn tác vụ quét,LEGACY_ADAPTED,NOT_STARTED,NOT_STARTED,NOT_STARTED,,
P03,design/01_Main/BOARDS/01_UPDATED_BOARDS/01_dialog_header_aligned_v2.png,P03.S02,Phiếu chưa hoàn tất,LEGACY_ADAPTED,NOT_STARTED,NOT_STARTED,NOT_STARTED,,
P03,design/01_Main/BOARDS/01_UPDATED_BOARDS/01_dialog_header_aligned_v2.png,P03.S03,Kho tạm dừng,LEGACY_ADAPTED,NOT_STARTED,NOT_STARTED,NOT_STARTED,,
P03,design/01_Main/BOARDS/01_UPDATED_BOARDS/01_dialog_header_aligned_v2.png,P03.S04,Xác nhận bỏ phiếu,LEGACY_ADAPTED,NOT_STARTED,NOT_STARTED,NOT_STARTED,,
P04,design/01_Main/BOARDS/01_UPDATED_BOARDS/02_nhap_kho.png,P04.S01,Thông tin phiếu nhập,LEGACY_ADAPTED,NOT_STARTED,NOT_STARTED,NOT_STARTED,,
P04,design/01_Main/BOARDS/01_UPDATED_BOARDS/02_nhap_kho.png,P04.S02,Quét hàng nhập,LEGACY_ADAPTED,NOT_STARTED,NOT_STARTED,NOT_STARTED,,
P04,design/01_Main/BOARDS/01_UPDATED_BOARDS/02_nhap_kho.png,P04.S03,Kiểm tra phiếu,LEGACY_ADAPTED,NOT_STARTED,NOT_STARTED,NOT_STARTED,,
P04,design/01_Main/BOARDS/01_UPDATED_BOARDS/02_nhap_kho.png,P04.S04,Đã gửi phiếu nhập — chờ Web,LEGACY_ADAPTED,NOT_STARTED,NOT_STARTED,NOT_STARTED,,
P05,design/01_Main/BOARDS/01_UPDATED_BOARDS/03_xuat_kho.png,P05.S01,Thông tin phiếu xuất,LEGACY_ADAPTED,NOT_STARTED,NOT_STARTED,NOT_STARTED,,
P05,design/01_Main/BOARDS/01_UPDATED_BOARDS/03_xuat_kho.png,P05.S02,Quét hàng xuất,LEGACY_ADAPTED,NOT_STARTED,NOT_STARTED,NOT_STARTED,,
P05,design/01_Main/BOARDS/01_UPDATED_BOARDS/03_xuat_kho.png,P05.S03,Kiểm tra thiếu hàng,LEGACY_ADAPTED,NOT_STARTED,NOT_STARTED,NOT_STARTED,,
P05,design/01_Main/BOARDS/01_UPDATED_BOARDS/03_xuat_kho.png,P05.S04,Đã gửi phiếu xuất — chờ Web,LEGACY_ADAPTED,NOT_STARTED,NOT_STARTED,NOT_STARTED,,
P06,design/01_Main/BOARDS/01_UPDATED_BOARDS/04_tra_cuu.png,P06.S01,Tra cứu sản phẩm,LEGACY_ADAPTED,NOT_STARTED,NOT_STARTED,NOT_STARTED,,
P06,design/01_Main/BOARDS/01_UPDATED_BOARDS/04_tra_cuu.png,P06.S02,Thông tin sản phẩm,LEGACY_ADAPTED,NOT_STARTED,NOT_STARTED,NOT_STARTED,,
P06,design/01_Main/BOARDS/01_UPDATED_BOARDS/04_tra_cuu.png,P06.S03,Tồn kho sản phẩm,LEGACY_ADAPTED,NOT_STARTED,NOT_STARTED,NOT_STARTED,,
P06,design/01_Main/BOARDS/01_UPDATED_BOARDS/04_tra_cuu.png,P06.S04,Lịch sử giao dịch,LEGACY_ADAPTED,NOT_STARTED,NOT_STARTED,NOT_STARTED,,
P07,design/01_Main/BOARDS/01_UPDATED_BOARDS/05_nfc.png,P07.S01,Thẻ NFC,LEGACY_ADAPTED,NOT_STARTED,NOT_STARTED,NOT_STARTED,,
P07,design/01_Main/BOARDS/01_UPDATED_BOARDS/05_nfc.png,P07.S02,Đọc thẻ NFC,LEGACY_ADAPTED,NOT_STARTED,NOT_STARTED,NOT_STARTED,,
P07,design/01_Main/BOARDS/01_UPDATED_BOARDS/05_nfc.png,P07.S03,Xác minh liên kết,LEGACY_ADAPTED,NOT_STARTED,NOT_STARTED,NOT_STARTED,,
P07,design/01_Main/BOARDS/01_UPDATED_BOARDS/05_nfc.png,P07.S04,Đã liên kết thẻ NFC,LEGACY_ADAPTED,NOT_STARTED,NOT_STARTED,NOT_STARTED,,
P08,design/01_Main/BOARDS/01_UPDATED_BOARDS/06_lich_su.png,P08.S01,Lịch sử danh sách,LEGACY_ADAPTED,NOT_STARTED,NOT_STARTED,NOT_STARTED,,
P08,design/01_Main/BOARDS/01_UPDATED_BOARDS/06_lich_su.png,P08.S02,Chi tiết lịch sử,LEGACY_ADAPTED,NOT_STARTED,NOT_STARTED,NOT_STARTED,,
P08,design/01_Main/BOARDS/01_UPDATED_BOARDS/06_lich_su.png,P08.S03,Phiên quét tham chiếu,LEGACY_ADAPTED,NOT_STARTED,NOT_STARTED,NOT_STARTED,,
P08,design/01_Main/BOARDS/01_UPDATED_BOARDS/06_lich_su.png,P08.S04,Hoạt động theo ngày,LEGACY_ADAPTED,NOT_STARTED,NOT_STARTED,NOT_STARTED,,
P09,design/01_Main/BOARDS/01_UPDATED_BOARDS/07_bao_hanh.png,P09.S01,Bảo hành danh sách,LEGACY_ADAPTED,NOT_STARTED,NOT_STARTED,NOT_STARTED,,
P09,design/01_Main/BOARDS/01_UPDATED_BOARDS/07_bao_hanh.png,P09.S02,Tiếp nhận bảo hành,LEGACY_ADAPTED,NOT_STARTED,NOT_STARTED,NOT_STARTED,,
P09,design/01_Main/BOARDS/01_UPDATED_BOARDS/07_bao_hanh.png,P09.S03,Hồ sơ bảo hành,LEGACY_ADAPTED,NOT_STARTED,NOT_STARTED,NOT_STARTED,,
P09,design/01_Main/BOARDS/01_UPDATED_BOARDS/07_bao_hanh.png,P09.S04,Kết quả sửa chữa,LEGACY_ADAPTED,NOT_STARTED,NOT_STARTED,NOT_STARTED,,
P10,design/01_Main/BOARDS/01_UPDATED_BOARDS/08_ca_nhan.png,P10.S01,Cá nhân,LEGACY_ADAPTED,NOT_STARTED,NOT_STARTED,NOT_STARTED,,
P10,design/01_Main/BOARDS/01_UPDATED_BOARDS/08_ca_nhan.png,P10.S02,Chỉnh sửa hồ sơ,LEGACY_ADAPTED,NOT_STARTED,NOT_STARTED,NOT_STARTED,,
P10,design/01_Main/BOARDS/01_UPDATED_BOARDS/08_ca_nhan.png,P10.S03,Công việc & quyền,LEGACY_ADAPTED,NOT_STARTED,NOT_STARTED,NOT_STARTED,,
P10,design/01_Main/BOARDS/01_UPDATED_BOARDS/08_ca_nhan.png,P10.S04,Tài khoản & bảo mật,LEGACY_ADAPTED,NOT_STARTED,NOT_STARTED,NOT_STARTED,,
P11,design/01_Main/BOARDS/01_UPDATED_BOARDS/09_bao_mat.png,P11.S01,Đổi mật khẩu,LEGACY_ADAPTED,NOT_STARTED,NOT_STARTED,NOT_STARTED,,
P11,design/01_Main/BOARDS/01_UPDATED_BOARDS/09_bao_mat.png,P11.S02,Xác thực thông tin — lỗi,LEGACY_ADAPTED,NOT_STARTED,NOT_STARTED,NOT_STARTED,,
P11,design/01_Main/BOARDS/01_UPDATED_BOARDS/09_bao_mat.png,P11.S03,Đã đổi mật khẩu,LEGACY_ADAPTED,NOT_STARTED,NOT_STARTED,NOT_STARTED,,
P11,design/01_Main/BOARDS/01_UPDATED_BOARDS/09_bao_mat.png,P11.S04,Phiên đăng nhập,LEGACY_ADAPTED,NOT_STARTED,NOT_STARTED,NOT_STARTED,,
P12,design/01_Main/BOARDS/01_UPDATED_BOARDS/10_chung_tu.png,P12.S01,Chứng từ danh sách,LEGACY_ADAPTED,NOT_STARTED,NOT_STARTED,NOT_STARTED,,
P12,design/01_Main/BOARDS/01_UPDATED_BOARDS/10_chung_tu.png,P12.S02,Chi tiết chứng từ,LEGACY_ADAPTED,NOT_STARTED,NOT_STARTED,NOT_STARTED,,
P12,design/01_Main/BOARDS/01_UPDATED_BOARDS/10_chung_tu.png,P12.S03,Sản phẩm trong chứng từ,LEGACY_ADAPTED,NOT_STARTED,NOT_STARTED,NOT_STARTED,,
P12,design/01_Main/BOARDS/01_UPDATED_BOARDS/10_chung_tu.png,P12.S04,Tạo chứng từ mới,LEGACY_ADAPTED,NOT_STARTED,NOT_STARTED,NOT_STARTED,,
P13,design/01_Main/BOARDS/02_NEW_BOARDS/11_thong_bao_phe_duyet.png,P13.S01,Danh sách thông báo,LEGACY_ADAPTED,NOT_STARTED,NOT_STARTED,NOT_STARTED,,
P13,design/01_Main/BOARDS/02_NEW_BOARDS/11_thong_bao_phe_duyet.png,P13.S02,Chi tiết thông báo,LEGACY_ADAPTED,NOT_STARTED,NOT_STARTED,NOT_STARTED,,
P13,design/01_Main/BOARDS/02_NEW_BOARDS/11_thong_bao_phe_duyet.png,P13.S03,Danh sách chờ phê duyệt cũ → theo dõi phiếu chờ Web,MIGRATED,NOT_STARTED,NOT_STARTED,NOT_STARTED,,
P13,design/01_Main/BOARDS/02_NEW_BOARDS/11_thong_bao_phe_duyet.png,P13.S04,Duyệt chứng từ cũ → chi tiết chờ xử lý Web,MIGRATED,NOT_STARTED,NOT_STARTED,NOT_STARTED,,
P14,design/01_Main/BOARDS/02_NEW_BOARDS/12_khoi_phuc_va_ca_fixed.png,P14.S01,Khôi phục tài khoản,LEGACY_ADAPTED,NOT_STARTED,NOT_STARTED,NOT_STARTED,,
P14,design/01_Main/BOARDS/02_NEW_BOARDS/12_khoi_phuc_va_ca_fixed.png,P14.S02,Yêu cầu đã tiếp nhận,LEGACY_ADAPTED,NOT_STARTED,NOT_STARTED,NOT_STARTED,,
P14,design/01_Main/BOARDS/02_NEW_BOARDS/12_khoi_phuc_va_ca_fixed.png,P14.S03,Kết thúc ca có phiếu dở,LEGACY_ADAPTED,NOT_STARTED,NOT_STARTED,NOT_STARTED,,
P14,design/01_Main/BOARDS/02_NEW_BOARDS/12_khoi_phuc_va_ca_fixed.png,P14.S04,Tổng kết ca,LEGACY_ADAPTED,NOT_STARTED,NOT_STARTED,NOT_STARTED,,
P15,design/01_Main/BOARDS/02_NEW_BOARDS/13_he_thong_fixed.png,P15.S01,Mất kết nối mạng,LEGACY_ADAPTED,NOT_STARTED,NOT_STARTED,NOT_STARTED,,
P15,design/01_Main/BOARDS/02_NEW_BOARDS/13_he_thong_fixed.png,P15.S02,Phiên đăng nhập hết hạn,LEGACY_ADAPTED,NOT_STARTED,NOT_STARTED,NOT_STARTED,,
P15,design/01_Main/BOARDS/02_NEW_BOARDS/13_he_thong_fixed.png,P15.S03,Không có quyền,LEGACY_ADAPTED,NOT_STARTED,NOT_STARTED,NOT_STARTED,,
P15,design/01_Main/BOARDS/02_NEW_BOARDS/13_he_thong_fixed.png,P15.S04,Quyền thiết bị Camera & NFC,LEGACY_ADAPTED,NOT_STARTED,NOT_STARTED,NOT_STARTED,,
P16,design/01_Main/BOARDS/02_NEW_BOARDS/14_du_lieu_quyet_loi_fixed.png,P16.S01,Đang tải chứng từ,LEGACY_ADAPTED,NOT_STARTED,NOT_STARTED,NOT_STARTED,,
P16,design/01_Main/BOARDS/02_NEW_BOARDS/14_du_lieu_quyet_loi_fixed.png,P16.S02,Chưa có chứng từ,LEGACY_ADAPTED,NOT_STARTED,NOT_STARTED,NOT_STARTED,,
P16,design/01_Main/BOARDS/02_NEW_BOARDS/14_du_lieu_quyet_loi_fixed.png,P16.S03,Không tìm thấy kết quả,LEGACY_ADAPTED,NOT_STARTED,NOT_STARTED,NOT_STARTED,,
P16,design/01_Main/BOARDS/02_NEW_BOARDS/14_du_lieu_quyet_loi_fixed.png,P16.S04,Không tải được dữ liệu,LEGACY_ADAPTED,NOT_STARTED,NOT_STARTED,NOT_STARTED,,
P17,design/01_Main/BOARDS/02_NEW_BOARDS/15_ngoai_le_quet_fixed.png,P17.S01,Mã không hợp lệ,LEGACY_ADAPTED,NOT_STARTED,NOT_STARTED,NOT_STARTED,,
P17,design/01_Main/BOARDS/02_NEW_BOARDS/15_ngoai_le_quet_fixed.png,P17.S02,Mã không thể xuất,LEGACY_ADAPTED,NOT_STARTED,NOT_STARTED,NOT_STARTED,,
P17,design/01_Main/BOARDS/02_NEW_BOARDS/15_ngoai_le_quet_fixed.png,P17.S03,Thẻ đã liên kết,LEGACY_ADAPTED,NOT_STARTED,NOT_STARTED,NOT_STARTED,,
P17,design/01_Main/BOARDS/02_NEW_BOARDS/15_ngoai_le_quet_fixed.png,P17.S04,Đang xác minh kết quả gửi,LEGACY_ADAPTED,NOT_STARTED,NOT_STARTED,NOT_STARTED,,
P18,design/01_Main/BOARDS/02_NEW_BOARDS/16_dinh_kem_ban_giao_fixed.png,P18.S01,Tệp đính kèm PN-0005,LEGACY_ADAPTED,NOT_STARTED,NOT_STARTED,NOT_STARTED,,
P18,design/01_Main/BOARDS/02_NEW_BOARDS/16_dinh_kem_ban_giao_fixed.png,P18.S02,Xem tài liệu 1/2,LEGACY_ADAPTED,NOT_STARTED,NOT_STARTED,NOT_STARTED,,
P18,design/01_Main/BOARDS/02_NEW_BOARDS/16_dinh_kem_ban_giao_fixed.png,P18.S03,Bàn giao bảo hành BH-001,LEGACY_ADAPTED,NOT_STARTED,NOT_STARTED,NOT_STARTED,,
P18,design/01_Main/BOARDS/02_NEW_BOARDS/16_dinh_kem_ban_giao_fixed.png,P18.S04,Vị trí linh kiện kho,LEGACY_ADAPTED,NOT_STARTED,NOT_STARTED,NOT_STARTED,,
P19,design/01_Main/BOARDS/02_NEW_BOARDS/17_xuat_linh_kien_bao_hanh.png,P19.S01,Quét linh kiện / mã hộp — scan,CURRENT,NOT_STARTED,NOT_STARTED,NOT_STARTED,,
P19,design/01_Main/BOARDS/02_NEW_BOARDS/17_xuat_linh_kien_bao_hanh.png,P19.S02,Nhập số lượng hộp — quantity,CURRENT,NOT_STARTED,NOT_STARTED,NOT_STARTED,,
P19,design/01_Main/BOARDS/02_NEW_BOARDS/17_xuat_linh_kien_bao_hanh.png,P19.S03,Xác nhận xuất linh kiện — review,CURRENT,NOT_STARTED,NOT_STARTED,NOT_STARTED,,
P19,design/01_Main/BOARDS/02_NEW_BOARDS/17_xuat_linh_kien_bao_hanh.png,P19.S04,Xuất thành công — success,CURRENT,NOT_STARTED,NOT_STARTED,NOT_STARTED,,
P20,design/01_Main/BOARDS/02_NEW_BOARDS/18_lich_su_linh_kien.png,P20.S01,Phiếu linh kiện đã xuất — history,CURRENT,NOT_STARTED,NOT_STARTED,NOT_STARTED,,
P20,design/01_Main/BOARDS/02_NEW_BOARDS/18_lich_su_linh_kien.png,P20.S02,Tải thêm lịch sử — history-loading,CURRENT,NOT_STARTED,NOT_STARTED,NOT_STARTED,,
P20,design/01_Main/BOARDS/02_NEW_BOARDS/18_lich_su_linh_kien.png,P20.S03,Lỗi tải lịch sử — history-error,CURRENT,NOT_STARTED,NOT_STARTED,NOT_STARTED,,
P20,design/01_Main/BOARDS/02_NEW_BOARDS/18_lich_su_linh_kien.png,P20.S04,Chưa có phiếu xuất — empty,CURRENT,NOT_STARTED,NOT_STARTED,NOT_STARTED,,
P21,design/01_Main/BOARDS/02_NEW_BOARDS/19_tiep_tuc_phieu_linh_kien.png,P21.S01,Phiếu đang thực hiện — drafts,CURRENT,NOT_STARTED,NOT_STARTED,NOT_STARTED,,
P21,design/01_Main/BOARDS/02_NEW_BOARDS/19_tiep_tuc_phieu_linh_kien.png,P21.S02,Tiếp tục đúng phiếu — resume,CURRENT,NOT_STARTED,NOT_STARTED,NOT_STARTED,,
P21,design/01_Main/BOARDS/02_NEW_BOARDS/19_tiep_tuc_phieu_linh_kien.png,P21.S03,Cần đối chiếu trên Web — reconcile,CURRENT,NOT_STARTED,NOT_STARTED,NOT_STARTED,,
P21,design/01_Main/BOARDS/02_NEW_BOARDS/19_tiep_tuc_phieu_linh_kien.png,P21.S04,Kiểm tra kết quả xuất — post-check,CURRENT,NOT_STARTED,NOT_STARTED,NOT_STARTED,,
P22,design/01_Main/BOARDS/02_NEW_BOARDS/20_lich_su_thao_tac_nfc.png,P22.S01,Lịch sử thao tác — history-hub,CURRENT,NOT_STARTED,NOT_STARTED,NOT_STARTED,,
P22,design/01_Main/BOARDS/02_NEW_BOARDS/20_lich_su_thao_tac_nfc.png,P22.S02,Lịch sử NFC — nfc,CURRENT,NOT_STARTED,NOT_STARTED,NOT_STARTED,,
P22,design/01_Main/BOARDS/02_NEW_BOARDS/20_lich_su_thao_tac_nfc.png,P22.S03,Chi tiết thao tác NFC — nfc-detail,CURRENT,NOT_STARTED,NOT_STARTED,NOT_STARTED,,
P22,design/01_Main/BOARDS/02_NEW_BOARDS/20_lich_su_thao_tac_nfc.png,P22.S04,Chưa có dữ liệu lịch sử — events-unavailable,CURRENT,NOT_STARTED,NOT_STARTED,NOT_STARTED,,
P23,design/01_Main/BOARDS/02_NEW_BOARDS/21_lich_su_bao_hanh_phien_quet.png,P23.S01,Lịch sử bảo hành — warranty,CURRENT,NOT_STARTED,NOT_STARTED,NOT_STARTED,,
P23,design/01_Main/BOARDS/02_NEW_BOARDS/21_lich_su_bao_hanh_phien_quet.png,P23.S02,Quá trình xử lý hồ sơ — warranty-detail,CURRENT,NOT_STARTED,NOT_STARTED,NOT_STARTED,,
P23,design/01_Main/BOARDS/02_NEW_BOARDS/21_lich_su_bao_hanh_phien_quet.png,P23.S03,Lịch sử phiên quét — sessions,CURRENT,NOT_STARTED,NOT_STARTED,NOT_STARTED,,
P23,design/01_Main/BOARDS/02_NEW_BOARDS/21_lich_su_bao_hanh_phien_quet.png,P23.S04,Chi tiết phiên quét — session-detail,CURRENT,NOT_STARTED,NOT_STARTED,NOT_STARTED,,
P24,design/01_Main/BOARDS/02_NEW_BOARDS/22_trang_thai_scanner.png,P24.S01,Số lượng vượt tồn — quantity-invalid,CURRENT,NOT_STARTED,NOT_STARTED,NOT_STARTED,,
P24,design/01_Main/BOARDS/02_NEW_BOARDS/22_trang_thai_scanner.png,P24.S02,Mã hộp chưa thể xuất — scan-error,CURRENT,NOT_STARTED,NOT_STARTED,NOT_STARTED,,
P24,design/01_Main/BOARDS/02_NEW_BOARDS/22_trang_thai_scanner.png,P24.S03,Chờ xử lý trên Web — waiting-web,CURRENT,NOT_STARTED,NOT_STARTED,NOT_STARTED,,
P24,design/01_Main/BOARDS/02_NEW_BOARDS/22_trang_thai_scanner.png,P24.S04,Hồ sơ đã trả khách — closed,CURRENT,NOT_STARTED,NOT_STARTED,NOT_STARTED,,
