board_id,panel_id,title,business_action,cross_board_context,actual_route,edge_guard,back_scroll_focus,evidence,status
P01,P01.S01,Đăng nhập,"Nhập thông tin; mắt chỉ đổi cách hiển thị; submit qua auth adapter có sẵn. Thành công mở Xác nhận phiên, không nhảy thẳng bỏ qua màn này nếu luồng hiện hành yêu cầu.","Nền tảng xác thực/source auth hiện có; liên kết quên mật khẩu sang P14, thành công sang P02. Không đợi P14 mới dựng form đăng nhập.",,,,,NOT_STARTED
P01,P01.S02,Xác nhận phiên làm việc,"Lấy danh tính/quyền/kho từ phiên hợp lệ. Bắt đầu ca theo cơ chế hiện có; Đăng xuất xóa đúng phiên. Kho ngừng hoặc không có quyền áp dụng guard P03/P15, không báo ca đã bắt đầu giả.","Nền tảng xác thực/source auth hiện có; liên kết quên mật khẩu sang P14, thành công sang P02. Không đợi P14 mới dựng form đăng nhập.",,,,,NOT_STARTED
P02,P02.S01,Trang chủ mặc định,"Điều hướng bằng route hiện có, giữ selected tab; Xem tất cả của chứng từ gần đây mở Lịch sử theo HANDOFF. Mở từng dòng đúng document/case ID; chuông mở thông báo, avatar mở Cá nhân.","P01 cho phiên; P04/P05/P06/P07/P09/P10/P12/P13 cho các đích; hub lịch sử P22. Đích chưa tồn tại phải ghi dependency, không tạo trang thành công giả.",,,,,NOT_STARTED
P03,P03.S01,Chọn tác vụ quét,Chọn hàng mở scanner với đúng operation context; chưa chọn thì không gửi mã vào nghiệp vụ mặc định. Đóng sheet trả lại màn gọi.,AppShell P02; các luồng P04/P05/P09; resume P21; lỗi hệ thống P15.,,,,,NOT_STARTED
P03,P03.S02,Phiếu chưa hoàn tất,Tiếp tục dùng đúng document/session; Lưu nháp phải xác nhận kết quả lưu trước khi thoát; Bỏ phiếu mở dialog xác nhận S04.,AppShell P02; các luồng P04/P05/P09; resume P21; lỗi hệ thống P15.,,,,,NOT_STARTED
P03,P03.S03,Kho tạm dừng,"Chặn action ghi của kho theo trạng thái nguồn; không dùng đóng dialog để bỏ guard. Liên hệ dùng kênh đã cấu hình, không tự gửi tin.",AppShell P02; các luồng P04/P05/P09; resume P21; lỗi hệ thống P15.,,,,,NOT_STARTED
P03,P03.S04,Xác nhận bỏ phiếu,Chỉ bỏ dữ liệu chưa lưu trong phạm vi được phép. Không xóa mã server đã ghi nhận/phiếu đã Post; loại đó chuyển đối chiếu hoặc theo contract hủy hiện có.,AppShell P02; các luồng P04/P05/P09; resume P21; lỗi hệ thống P15.,,,,,NOT_STARTED
P04,P04.S01,Thông tin phiếu nhập,Field required/editable theo contract thật. Mã server cấp không được tự sinh từ PN-0005. Metadata chưa chốt không tự nới validation theo DEV_PROPOSAL.,P03 dialog; P06 dữ liệu sản phẩm; P12 chứng từ; P15/P17 lỗi; P24.S03 kết quả chờ Web.,,,,,NOT_STARTED
P04,P04.S02,Quét hàng nhập,Fixture board 12 lượt = 11 hợp lệ + 1 trùng; trùng không thêm dòng phiếu. Manual và camera cùng pipeline validate; không đổi tồn khi quét.,P03 dialog; P06 dữ liệu sản phẩm; P12 chứng từ; P15/P17 lỗi; P24.S03 kết quả chờ Web.,,,,,NOT_STARTED
P04,P04.S03,Kiểm tra phiếu,"Sửa nhãn CTA cũ Gửi duyệt thành Gửi phiếu lên Web theo nghiệp vụ hiện hành; submit chỉ record, không Post. Quay lại giữ draft/định danh.",P03 dialog; P06 dữ liệu sản phẩm; P12 chứng từ; P15/P17 lỗi; P24.S03 kết quả chờ Web.,,,,,NOT_STARTED
P04,P04.S04,Đã gửi phiếu nhập — chờ Web,Chỉ hiển thị sau record xác nhận. Timeout mở P17.S04 kiểm tra trạng thái; không tự hiển thị success. Component trạng thái chờ Web dùng chung P24.,P03 dialog; P06 dữ liệu sản phẩm; P12 chứng từ; P15/P17 lỗi; P24.S03 kết quả chờ Web.,,,,,NOT_STARTED
P05,P05.S01,Thông tin phiếu xuất,Bind phiếu nguồn hoặc trường hợp tạo mới theo contract thật; giữ quantity yêu cầu. Không tự nới các trường người nhận/địa chỉ đang bắt buộc.,P03; dữ liệu P06; chứng từ P12; ngoại lệ P17; chờ Web P24.,,,,,NOT_STARTED
P05,P05.S02,Quét hàng xuất,Validate đúng mã/kho/trạng thái; mã trùng không tăng số đã soạn. Không tự chuyển 7/10 thành 10/10.,P03; dữ liệu P06; chứng từ P12; ngoại lệ P17; chờ Web P24.,,,,,NOT_STARTED
P05,P05.S03,Kiểm tra thiếu hàng,Mặc định giữ gating hiện hành. Chỉ cho gửi phiếu chưa đủ để hoàn thiện Web nếu policy mới được xác nhận; dù được record thì không được coi đã xuất đủ hoặc đã Post.,P03; dữ liệu P06; chứng từ P12; ngoại lệ P17; chờ Web P24.,,,,,NOT_STARTED
P05,P05.S04,Đã gửi phiếu xuất — chờ Web,"Đi từ S03 sang đây chỉ sau bổ sung đủ và record thành công, hoặc nhánh incomplete-record đã được duyệt với số thực tế giữ nguyên. Không nối thẳng 7/10 sang ảnh success 10/10.",P03; dữ liệu P06; chứng từ P12; ngoại lệ P17; chờ Web P24.,,,,,NOT_STARTED
P06,P06.S01,Tra cứu sản phẩm,Search/filter/tab phối hợp theo adapter đã có; mở đúng item ID. Count không lấy số dòng của trang hiện tại giả làm tổng server.,Danh mục/tồn/audit đọc hiện có; scan context P03; bảo hành P09; ngoại lệ dữ liệu P16.,,,,,NOT_STARTED
P06,P06.S02,Thông tin sản phẩm,"Bind trường đúng dữ liệu; In tem không có quyền phải thực sự bị chặn. Chỉ mở hành động đã có contract, không tự làm tính năng in.",Danh mục/tồn/audit đọc hiện có; scan context P03; bảo hành P09; ngoại lệ dữ liệu P16.,,,,,NOT_STARTED
P06,P06.S03,Tồn kho sản phẩm,"Read-only; fixture 12 = 10+1+1 và vị trí 6+3+2+1. Không đổi tồn, move hàng, xác nhận vị trí hoặc thêm capacity từ màn khác.",Danh mục/tồn/audit đọc hiện có; scan context P03; bảo hành P09; ngoại lệ dữ liệu P16.,,,,,NOT_STARTED
P06,P06.S04,Lịch sử giao dịch,"Lấy event thật; dấu quantity theo event backend, không suy rằng mọi sự kiện bảo hành đều giảm tồn. Mở đúng chứng từ liên quan khi được phép.",Danh mục/tồn/audit đọc hiện có; scan context P03; bảo hành P09; ngoại lệ dữ liệu P16.,,,,,NOT_STARTED
P07,P07.S01,Thẻ NFC,Mở thẻ bằng tag ID; lọc theo backend. Count Tất cả trong ảnh không bắt buộc bằng hai tab nếu còn trạng thái khác; không sửa count bằng suy luận.,P06 chọn sản phẩm; P15 thiết bị/quyền; P17 xung đột thẻ; P22 lịch sử event.,,,,,NOT_STARTED
P07,P07.S02,Đọc thẻ NFC,"Chỉ bật tiếp tục khi thiết bị hỗ trợ, thao tác đọc thành công và context hợp lệ. Không giả có NFC từ nhận diện thiết bị bằng tên.",P06 chọn sản phẩm; P15 thiết bị/quyền; P17 xung đột thẻ; P22 lịch sử event.,,,,,NOT_STARTED
P07,P07.S03,Xác minh liên kết,Kiểm mapping hiện tại; nếu thẻ gắn item khác đi P17.S03. Backend/device contract quyết định bước write/read-back; không tự suy giao thức.,P06 chọn sản phẩm; P15 thiết bị/quyền; P17 xung đột thẻ; P22 lịch sử event.,,,,,NOT_STARTED
P07,P07.S04,Đã liên kết thẻ NFC,Chỉ hiện sau thao tác liên kết được nguồn có thẩm quyền xác nhận; đọc UID hoặc prepare không đủ. Refresh detail/list theo cùng tag ID.,P06 chọn sản phẩm; P15 thiết bị/quyền; P17 xung đột thẻ; P22 lịch sử event.,,,,,NOT_STARTED
P08,P08.S01,Lịch sử danh sách,"Filter theo nguồn đọc hiện có; phiếu record chờ Web không đổi thành POSTED. Đây là list/subview được hub P22 mở, không thay hub mới bằng list cũ.",P12 chứng từ; P22 hub/NFC; P23 phiên quét và bảo hành; P18 đính kèm.,,,,,NOT_STARTED
P08,P08.S02,Chi tiết lịch sử,Đọc sự kiện thật; bước Gửi duyệt trong ảnh cũ map thành gửi lên Web khi đúng event hiện hành. Không tạo dấu tick cho bước chưa xảy ra.,P12 chứng từ; P22 hub/NFC; P23 phiên quét và bảo hành; P18 đính kèm.,,,,,NOT_STARTED
P08,P08.S03,Phiên quét tham chiếu,"Dùng cùng session ID/model với P23, không dựng phiên mới theo khoảng giờ. Giữ layout tham chiếu trừ phần đã được board mới thay thế rõ ràng; document result tách session status.",P12 chứng từ; P22 hub/NFC; P23 phiên quét và bảo hành; P18 đính kèm.,,,,,NOT_STARTED
P08,P08.S04,Hoạt động theo ngày,Dùng nguồn aggregate có định nghĩa; không cộng các nhóm có giao nhau trong production để ra tổng nếu chưa xác minh. Chọn ngày cập nhật scope nhất quán.,P12 chứng từ; P22 hub/NFC; P23 phiên quét và bảo hành; P18 đính kèm.,,,,,NOT_STARTED
P09,P09.S01,Bảo hành danh sách,"Mở đúng case ID; action thêm/mở tiếp nhận chỉ theo quyền. Trạng thái như Đang xử lý/Đã tiếp nhận/Chờ linh kiện map enum hiện hành, không tự tạo enum.",P06 sản phẩm; P18 bàn giao; P19 xuất linh kiện; P20 lịch sử linh kiện; P23 timeline; P24 hồ sơ đóng.,,,,,NOT_STARTED
P09,P09.S02,Tiếp nhận bảo hành,Scan chỉ xác định item/context; submit qua contract intake. Không thay SKU cho serial hoặc tự tạo khách khi không tìm thấy. Required/length lấy policy thật.,P06 sản phẩm; P18 bàn giao; P19 xuất linh kiện; P20 lịch sử linh kiện; P23 timeline; P24 hồ sơ đóng.,,,,,NOT_STARTED
P09,P09.S03,Hồ sơ bảo hành,Linh kiện đã sử dụng trong ảnh cũ phải đối chiếu ledger POSTED ở P20; không biến record nháp thành tiêu hao. Tab lịch sử dùng cùng case events P23.,P06 sản phẩm; P18 bàn giao; P19 xuất linh kiện; P20 lịch sử linh kiện; P23 timeline; P24 hồ sơ đóng.,,,,,NOT_STARTED
P09,P09.S04,Kết quả sửa chữa,Chỉ hiển thị sau update xác nhận; Chờ bàn giao chưa phải Đã trả khách. Không đóng case hoặc chuyển tồn chỉ vì mở màn kết quả.,P06 sản phẩm; P18 bàn giao; P19 xuất linh kiện; P20 lịch sử linh kiện; P23 timeline; P24 hồ sơ đóng.,,,,,NOT_STARTED
P10,P10.S01,Cá nhân,Mỗi menu đến đúng module; kết thúc ca khác đăng xuất. Không hiện version1.0.0 cứng nếu metadata build khác.,P01/P02 identity; P11 đổi mật khẩu/session; P14 kết thúc ca; P15 guard.,,,,,NOT_STARTED
P10,P10.S02,Chỉnh sửa hồ sơ,Chỉ patch field được phép; validate theo profile contract; avatar qua upload hiện có. Cancel/Back xử lý dirty state theo component chung.,P01/P02 identity; P11 đổi mật khẩu/session; P14 kết thúc ca; P15 guard.,,,,,NOT_STARTED
P10,P10.S03,Công việc & quyền,"Read-only: tick biểu diễn quyền thật, không phải checkbox cấp quyền. Không cho đổi kho hoặc nâng quyền từ màn này.",P01/P02 identity; P11 đổi mật khẩu/session; P14 kết thúc ca; P15 guard.,,,,,NOT_STARTED
P10,P10.S04,Tài khoản & bảo mật,"Đổi mật khẩu/session nối P11; thông tin bảo mật chỉ nội dung đã có nguồn. Không tự thêm 2FA, OTP, sinh khóa hoặc danh sách thiết bị giả.",P01/P02 identity; P11 đổi mật khẩu/session; P14 kết thúc ca; P15 guard.,,,,,NOT_STARTED
P11,P11.S01,Đổi mật khẩu,"Bắt buộc đúng policy backend; mắt độc lập theo field; submit chỉ khi form hợp lệ. Không trim, normalize hoặc ghi log password.",P10 trang tài khoản; P01 auth; P15 phiên hết hạn.,,,,,NOT_STARTED
P11,P11.S02,Xác thực thông tin — lỗi,"Mismatch được kiểm cục bộ, focus/aria-error đúng input; sửa khớp thì xóa lỗi phù hợp. Sai mật khẩu hiện tại là lỗi server riêng, không đổi thành mismatch.",P10 trang tài khoản; P01 auth; P15 phiên hết hạn.,,,,,NOT_STARTED
P11,P11.S03,Đã đổi mật khẩu,Chỉ hiện khi đổi thật thành công. Chính sách hủy phiên hoặc yêu cầu đăng nhập lại lấy từ auth contract; không tự quyết giữ/xóa mọi session.,P10 trang tài khoản; P01 auth; P15 phiên hết hạn.,,,,,NOT_STARTED
P11,P11.S04,Phiên đăng nhập,"Dùng session ID từ backend, tách current session; revoke đúng phiên được chọn và xác minh kết quả. Không dùng user-agent tự suy để tạo danh sách thiết bị thật.",P10 trang tài khoản; P01 auth; P15 phiên hết hạn.,,,,,NOT_STARTED
P12,P12.S01,Chứng từ danh sách,Filter/sort từ nguồn đã có; mở document ID thật. Các record chờ Web và POSTED khác nhau; không đổi mọi badge cũ thành một trạng thái.,P04/P05 tạo nhập/xuất; P09 bảo hành; P16 data states; P18 tài liệu; P08 lịch sử.,,,,,NOT_STARTED
P12,P12.S02,Chi tiết chứng từ,Read-only theo trạng thái/quyền; không có Duyệt/Post nhập/xuất chính. Dấu ba chấm chỉ chứa action được xác minh.,P04/P05 tạo nhập/xuất; P09 bảo hành; P16 data states; P18 tài liệu; P08 lịch sử.,,,,,NOT_STARTED
P12,P12.S03,Sản phẩm trong chứng từ,Tách quantity/SKU count/serial count; mở detail theo dòng. Không chỉnh quantity hoặc xóa dòng POSTED tùy ý.,P04/P05 tạo nhập/xuất; P09 bảo hành; P16 data states; P18 tài liệu; P08 lịch sử.,,,,,NOT_STARTED
P12,P12.S04,Tạo chứng từ mới,"Reuse flow tạo tương ứng P04/P05/P09, tránh thêm endpoint tạo song song. Required/date editable phải theo contract; submit record không Post.",P04/P05 tạo nhập/xuất; P09 bảo hành; P16 data states; P18 tài liệu; P08 lịch sử.,,,,,NOT_STARTED
P13,P13.S01,Danh sách thông báo,Dùng notification/event nguồn thật. Mark read theo API nếu có; click mở đúng đối tượng. Không tự tạo push notification hoặc giả badge unread.,Chuông P02; chi tiết chứng từ P12; P24 chờ Web; nguồn notifications hiện có.,,,,,NOT_STARTED
P13,P13.S02,Chi tiết thông báo,Theo dõi chứng từ hoặc mở hướng dẫn Web. Copy 'cần duyệt' lịch sử không cấp quyền duyệt cho App; thông báo mới dùng thuật ngữ nguồn hiện hành.,Chuông P02; chi tiết chứng từ P12; P24 chờ Web; nguồn notifications hiện có.,,,,,NOT_STARTED
P13,P13.S03,Danh sách chờ phê duyệt cũ → theo dõi phiếu chờ Web,"MIGRATED: chỉ đọc danh sách theo scope có thật, mở chi tiết; không tạo inbox duyệt cho role App. Nếu không có nguồn list phù hợp, state preview tách biệt và integration BLOCKED.",Chuông P02; chi tiết chứng từ P12; P24 chờ Web; nguồn notifications hiện có.,,,,,NOT_STARTED
P13,P13.S04,Duyệt chứng từ cũ → chi tiết chờ xử lý Web,MIGRATED: không render nút Duyệt/Từ chối hoặc form lý do từ chối để submit trên App. Không gọi approve/reject/Post. URL Web chỉ dùng cấu hình được cung cấp.,Chuông P02; chi tiết chứng từ P12; P24 chờ Web; nguồn notifications hiện có.,,,,,NOT_STARTED
P14,P14.S01,Khôi phục tài khoản,Không thêm OTP/email magic link/reset password. Gửi qua cơ chế được xác nhận; thiếu kênh thì dựng preview đúng board và chặn action tích hợp thay vì giả gửi.,P01 quên mật khẩu; P10 kết thúc ca; P03 draft dialog; P21 tiếp tục phiếu.,,,,,NOT_STARTED
P14,P14.S02,Yêu cầu đã tiếp nhận,Chỉ hiện receipt khi có kết quả hợp lệ hoặc fixture trong preview. Không tự hứa quản trị sẽ liên hệ bằng kênh/thời gian chưa chốt.,P01 quên mật khẩu; P10 kết thúc ca; P03 draft dialog; P21 tiếp tục phiếu.,,,,,NOT_STARTED
P14,P14.S03,Kết thúc ca có phiếu dở,Duy trì guard chưa hoàn tất theo policy có thật; lưu nháp giữ đúng ID. Không xóa phiếu hoặc tự submit/Post để cho kết thúc ca.,P01 quên mật khẩu; P10 kết thúc ca; P03 draft dialog; P21 tiếp tục phiếu.,,,,,NOT_STARTED
P14,P14.S04,Tổng kết ca,"KPI từ aggregate đã định nghĩa; draft được giữ cho tiếp tục theo contract, không tự chuyển quyền sở hữu ca sau. End shift không mặc định logout.",P01 quên mật khẩu; P10 kết thúc ca; P03 draft dialog; P21 tiếp tục phiếu.,,,,,NOT_STARTED
P15,P15.S01,Mất kết nối mạng,Retry đọc hoặc kiểm kết quả phù hợp; không tự replay mutation. Giữ draft/context và ghi trạng thái pending/unknown.,P01 auth; P03 modal; caller nhập/xuất/NFC; P17 trạng thái gửi chưa xác định.,,,,,NOT_STARTED
P15,P15.S02,Phiên đăng nhập hết hạn,"Đưa đến P01 qua flow auth hiện có, chặn route bảo vệ. Bảo vệ dữ liệu draft theo policy; không lưu password/token vào checkpoint.",P01 auth; P03 modal; caller nhập/xuất/NFC; P17 trạng thái gửi chưa xác định.,,,,,NOT_STARTED
P15,P15.S03,Không có quyền,"Guard action/route, không chỉ ẩn nút. Contact dùng kênh cấu hình; không tự gửi tin hoặc nâng role.",P01 auth; P03 modal; caller nhập/xuất/NFC; P17 trạng thái gửi chưa xác định.,,,,,NOT_STARTED
P15,P15.S04,Quyền thiết bị Camera & NFC,"Phân biệt not requested, denied, unsupported, hardware error. Chỉ gọi permission API từ thao tác user phù hợp; không báo support qua fixture hoặc từ tên máy.",P01 auth; P03 modal; caller nhập/xuất/NFC; P17 trạng thái gửi chưa xác định.,,,,,NOT_STARTED
P16,P16.S01,Đang tải chứng từ,"Đang chờ lần tải đầu, chưa kết luận empty. aria-busy/status phù hợp; không gọi spinner vô hạn khi có lỗi.",P12 danh sách chứng từ; dùng pattern cho list khác khi không đổi baseline; P15 lỗi auth/network đặc thù.,,,,,NOT_STARTED
P16,P16.S02,Chưa có chứng từ,"Chỉ khi response thành công và dataset thực sự rỗng trong scope phù hợp. CTA create theo quyền, điều hướng P12/P04/P05/P09.",P12 danh sách chứng từ; dùng pattern cho list khác khi không đổi baseline; P15 lỗi auth/network đặc thù.,,,,,NOT_STARTED
P16,P16.S03,Không tìm thấy kết quả,Filtered-empty khác dataset-empty. Clear filter và chỉnh query theo hành vi đã định nghĩa; không tự xóa dữ liệu hoặc tạo phiếu mới.,P12 danh sách chứng từ; dùng pattern cho list khác khi không đổi baseline; P15 lỗi auth/network đặc thù.,,,,,NOT_STARTED
P16,P16.S04,Không tải được dữ liệu,"Retry đúng truy vấn hiện tại; không hiển thị mã HN-ERR-01 giả trong production. Nếu đã có dữ liệu trước đó, giữ dữ liệu cũ khi phù hợp và báo stale/error theo component sẵn có.",P12 danh sách chứng từ; dùng pattern cho list khác khi không đổi baseline; P15 lỗi auth/network đặc thù.,,,,,NOT_STARTED
P17,P17.S01,Mã không hợp lệ,"Giữ raw code và lỗi nguồn; mã invalid không vào accepted list. Retry chỉ đọc lại mã, không tự thêm mã nếu người dùng bấm nhiều lần.",P04 nhập; P05 xuất; P07 NFC; P15 hệ thống; P21 unknown Post linh kiện.,,,,,NOT_STARTED
P17,P17.S02,Mã không thể xuất,"Dùng reason server: đã xuất/thuộc phiếu khác theo contract. Không tự giải phóng reservation, đổi phiếu hoặc xuất lại; dữ liệu phiếu liên quan chỉ hiện trong quyền.",P04 nhập; P05 xuất; P07 NFC; P15 hệ thống; P21 unknown Post linh kiện.,,,,,NOT_STARTED
P17,P17.S03,Thẻ đã liên kết,Không overwrite mapping; xem chỉ read. Quy trình thay thẻ là chức năng riêng chưa được cấp ở prompt này.,P04 nhập; P05 xuất; P07 NFC; P15 hệ thống; P21 unknown Post linh kiện.,,,,,NOT_STARTED
P17,P17.S04,Đang xác minh kết quả gửi,"Giữ idempotency/request ID; chỉ cho resend khi contract xác định chưa tạo và cho phép cùng request. Khi kiểm tra ra đã record, chuyển chờ Web, không Post.",P04 nhập; P05 xuất; P07 NFC; P15 hệ thống; P21 unknown Post linh kiện.,,,,,NOT_STARTED
P18,P18.S01,Tệp đính kèm PN-0005,"Bind từng attachment ID/upload task; tiến độ thật, retry đúng file. Chỉ loại/size theo policy, không tự đặt limit từ kích thước ví dụ.",P12 document; P09 warranty; P06 item/location; nguồn upload/file/download và contract handoff.,,,,,NOT_STARTED
P18,P18.S02,Xem tài liệu 1/2,Render file thật trong preview/test được cấp. Không thay PDF bằng ảnh giả rồi nói đã có viewer; đổi trang giữ document/file ID.,P12 document; P09 warranty; P06 item/location; nguồn upload/file/download và contract handoff.,,,,,NOT_STARTED
P18,P18.S03,Bàn giao bảo hành BH-001,Được board ghi đề xuất cần chốt điều kiện đóng hồ sơ. Dựng UI/validation được xác nhận; mutation chỉ theo policy. Không tự coi tick checkbox là quyền đóng case.,P12 document; P09 warranty; P06 item/location; nguồn upload/file/download và contract handoff.,,,,,NOT_STARTED
P18,P18.S04,Vị trí linh kiện kho,Board thể hiện occupancy/capacity nhưng chưa có schema xác nhận cho App: giữ fixture visual trong preview; production chỉ map field đã có. Không suy sức chứa/ô trống hoặc thực hiện move/unmap khi bấm.,P12 document; P09 warranty; P06 item/location; nguồn upload/file/download và contract handoff.,,,,,NOT_STARTED
P19,P19.S01,Quét linh kiện / mã hộp — scan,"Tem đơn LK0001-HN001 → qty1; mã hộp BOX-LK-0002-01 mở quantity sheet. Khi chưa có dòng, CTA review disabled; no stock mutation khi quét.","Case P09; thành công về P20; resume P21; exception P24. Reuse editable source docs/flows/warranty-components/flow.js, các scene scan/quantity/review/success.",,,,,NOT_STARTED
P19,P19.S02,Nhập số lượng hộp — quantity,"Chỉ số nguyên dương, không vượt tồn nếu server cung cấp; confirm thêm/cập nhật đúng dòng pending. Hủy không thay accepted list. Chưa Post.","Case P09; thành công về P20; resume P21; exception P24. Reuse editable source docs/flows/warranty-components/flow.js, các scene scan/quantity/review/success.",,,,,NOT_STARTED
P19,P19.S03,Xác nhận xuất linh kiện — review,Validation lại tồn/quyền/trạng thái case; dòng server recorded không được bỏ tùy ý. Submit theo API thật; khóa double submit và kiểm unknown theo P21.,"Case P09; thành công về P20; resume P21; exception P24. Reuse editable source docs/flows/warranty-components/flow.js, các scene scan/quantity/review/success.",,,,,NOT_STARTED
P19,P19.S04,Xuất thành công — success,Chỉ vào khi backend xác nhận Post; cập nhật nguồn lịch sử P20 và tồn từ phản hồi/refetch. Không tạo success chỉ vì click hoặc request đang gửi.,"Case P09; thành công về P20; resume P21; exception P24. Reuse editable source docs/flows/warranty-components/flow.js, các scene scan/quantity/review/success.",,,,,NOT_STARTED
P20,P20.S01,Phiếu linh kiện đã xuất — history,"Chỉ lấy POSTED gắn đúng case ID. Count 'đã tải' là loaded count, không bịa tổng server. Mở P19 vẫn cùng case.",P09/P19/P23 cho case và xuất; P24 đóng case. Scene history/history-loading/history-error/empty.,,,,,NOT_STARTED
P20,P20.S02,Tải thêm lịch sử — history-loading,"Disable load-more trong request, giữ vị trí cuộn, không replace màn bằng full loading. Merge trang mới sau response.",P09/P19/P23 cho case và xuất; P24 đóng case. Scene history/history-loading/history-error/empty.,,,,,NOT_STARTED
P20,P20.S03,Lỗi tải lịch sử — history-error,"Retry đúng cursor/page thất bại, không restart từ trang1 khiến mất/nhân đôi list. Không chuyển lỗi thành empty.",P09/P19/P23 cho case và xuất; P24 đóng case. Scene history/history-loading/history-error/empty.,,,,,NOT_STARTED
P20,P20.S04,Chưa có phiếu xuất — empty,DRAFT không làm list POSTED có dữ liệu; hồ sơ đóng thì CTA không được xuất dù empty. Giữ riêng pending drafts ở P21.,P09/P19/P23 cho case và xuất; P24 đóng case. Scene history/history-loading/history-error/empty.,,,,,NOT_STARTED
P21,P21.S01,Phiếu đang thực hiện — drafts,"Mở đúng document/session theo trạng thái đã lưu, không create mới. Nhiều draft nếu nguồn có phải render bằng data, không hardcode một.",P03 draft dialog; P19 scan/review/Post; P20 lịch sử; P22 shortcut phiếu dở.,,,,,NOT_STARTED
P21,P21.S02,Tiếp tục đúng phiếu — resume,Tải lại version/lines/checkpoint từ nguồn thật. Chỉ mở scan khi dữ liệu được xác minh; recorded line không xóa tùy ý. Không cần scan lại mã cũ.,P03 draft dialog; P19 scan/review/Post; P20 lịch sử; P22 shortcut phiếu dở.,,,,,NOT_STARTED
P21,P21.S03,Cần đối chiếu trên Web — reconcile,Giữ nguyên phiếu và mã; chặn scan/gửi lại khi unknown. Hướng dẫn theo URL được cấu hình hoặc text có nguồn; không auto-repair/create phiếu bù.,P03 draft dialog; P19 scan/review/Post; P20 lịch sử; P22 shortcut phiếu dở.,,,,,NOT_STARTED
P21,P21.S04,Kiểm tra kết quả xuất — post-check,"Tra trạng thái bằng khóa hợp lệ. POSTED→success/history; chưa rõ→ở lại; xác nhận chưa Post xử lý theo contract, không retry mù.",P03 draft dialog; P19 scan/review/Post; P20 lịch sử; P22 shortcut phiếu dở.,,,,,NOT_STARTED
P22,P22.S01,Lịch sử thao tác — history-hub,"Điều hướng đúng loại dữ liệu; Nhập/xuất là record và kết quả Web, NFC là event, Bảo hành là hồ sơ, Phiên quét là session. Shortcut mở P21.",Home Xem tất cả P02; documents P08/P12; draft P21; warranty/session P23; tag operation P07.,,,,,NOT_STARTED
P22,P22.S02,Lịch sử NFC — nfc,Lọc/search theo event adapter; không thao tác thay trạng thái thẻ từ list lịch sử. Nhãn event dùng mapping backend được chốt.,Home Xem tất cả P02; documents P08/P12; draft P21; warranty/session P23; tag operation P07.,,,,,NOT_STARTED
P22,P22.S03,Chi tiết thao tác NFC — nfc-detail,"Mở theo event ID, không tự chọn event đầu khi ID sai. Previous/current UID/reason hiển thị nếu nguồn có; không suy timeline từ tag status.",Home Xem tất cả P02; documents P08/P12; draft P21; warranty/session P23; tag operation P07.,,,,,NOT_STARTED
P22,P22.S04,Chưa có dữ liệu lịch sử — events-unavailable,"Dùng khi chưa có event source hoặc source unavailable; khác 'không có thao tác' do dataset thật rỗng. Retry chỉ đọc, không tạo event giả.",Home Xem tất cả P02; documents P08/P12; draft P21; warranty/session P23; tag operation P07.,,,,,NOT_STARTED
P23,P23.S01,Lịch sử bảo hành — warranty,Dùng cùng warranty-case store/API; không copy case sang bảng lịch sử riêng. Click giữ đúng case ID.,P09 case; P20 linh kiện POSTED; P22 hub; P08 legacy session panel; P24 closed/waiting.,,,,,NOT_STARTED
P23,P23.S02,Quá trình xử lý hồ sơ — warranty-detail,"Read-only theo events. Timeline không suy từ status cuối; hồ sơ đóng vẫn xem được lịch sử linh kiện qua đường hợp lệ, nhưng không được xuất thêm.",P09 case; P20 linh kiện POSTED; P22 hub; P08 legacy session panel; P24 closed/waiting.,,,,,NOT_STARTED
P23,P23.S03,Lịch sử phiên quét — sessions,"Nguồn session riêng; fixture PQ-0003 xuất linh kiện đã xuất, PQ-0002 nhập chờ Web, PQ-0001 tra cứu đã kết thúc. Không đồng nhất completed session với POSTED.",P09 case; P20 linh kiện POSTED; P22 hub; P08 legacy session panel; P24 closed/waiting.,,,,,NOT_STARTED
P23,P23.S04,Chi tiết phiên quét — session-detail,Dùng session ID và event IDs thật. Xuất linh kiện2 mã3 linh kiện; nhập record chưa Post; tra cứu không tạo phiếu kho hoặc tồn. Không mở details của session khác khi ID sai.,P09 case; P20 linh kiện POSTED; P22 hub; P08 legacy session panel; P24 closed/waiting.,,,,,NOT_STARTED
P24,P24.S01,Số lượng vượt tồn — quantity-invalid,Không chấp nhận13; sửa về số nguyên dương≤available mới confirm. Giữ định dạng CTA theo nguồn nhưng validation handler bắt buộc chặn; không chỉ đổi màu.,P19 quantity/scan; P20 history; P21 resume; P04/P05 record; P09/P23 closed case.,,,,,NOT_STARTED
P24,P24.S02,Mã hộp chưa thể xuất — scan-error,"Reject đúng mã, accepted list không đổi. Không tạo inbound hoặc ép trạng thái hộp để cho xuất; giữ reason server.",P19 quantity/scan; P20 history; P21 resume; P04/P05 record; P09/P23 closed case.,,,,,NOT_STARTED
P24,P24.S03,Chờ xử lý trên Web — waiting-web,"Chỉ sau record thành công; nhập fixture PN-0005/12 mã, xuất fixture PX-0004/10 mã là hai biến thể của cùng state. Không biến record thành POSTED hoặc coi badge UI là enum server.",P19 quantity/scan; P20 history; P21 resume; P04/P05 record; P09/P23 closed case.,,,,,NOT_STARTED
P24,P24.S04,Hồ sơ đã trả khách — closed,"Read-only: không có Xuất linh kiện; chặn new-issue/scan/Post từ deep link, resume hoặc handler khi case đóng. Lịch sử POSTED vẫn đọc được.",P19 quantity/scan; P20 history; P21 resume; P04/P05 record; P09/P23 closed case.,,,,,NOT_STARTED
