motion_prompt,panel_id,normal_status,reduced_status,off_status,flow_regression_status,decision,evidence,blocker
MOTION_P01,P01.S01,NOT_STARTED,NOT_STARTED,NOT_STARTED,NOT_STARTED,PENDING,,
MOTION_P01,P01.S02,NOT_STARTED,NOT_STARTED,NOT_STARTED,NOT_STARTED,PENDING,,
MOTION_P02,P02.S01,NOT_STARTED,NOT_STARTED,NOT_STARTED,NOT_STARTED,PENDING,,
MOTION_P03,P03.S01,NOT_STARTED,NOT_STARTED,NOT_STARTED,NOT_STARTED,PENDING,,
MOTION_P03,P03.S02,NOT_STARTED,NOT_STARTED,NOT_STARTED,NOT_STARTED,PENDING,,
MOTION_P03,P03.S03,NOT_STARTED,NOT_STARTED,NOT_STARTED,NOT_STARTED,PENDING,,
MOTION_P03,P03.S04,NOT_STARTED,NOT_STARTED,NOT_STARTED,NOT_STARTED,PENDING,,
MOTION_P04,P04.S01,NOT_STARTED,NOT_STARTED,NOT_STARTED,NOT_STARTED,PENDING,,
MOTION_P04,P04.S02,NOT_STARTED,NOT_STARTED,NOT_STARTED,NOT_STARTED,PENDING,,
MOTION_P04,P04.S03,NOT_STARTED,NOT_STARTED,NOT_STARTED,NOT_STARTED,PENDING,,
MOTION_P04,P04.S04,NOT_STARTED,NOT_STARTED,NOT_STARTED,NOT_STARTED,PENDING,,
MOTION_P05,P05.S01,NOT_STARTED,NOT_STARTED,NOT_STARTED,NOT_STARTED,PENDING,,
MOTION_P05,P05.S02,NOT_STARTED,NOT_STARTED,NOT_STARTED,NOT_STARTED,PENDING,,
MOTION_P05,P05.S03,NOT_STARTED,NOT_STARTED,NOT_STARTED,NOT_STARTED,PENDING,,
MOTION_P05,P05.S04,NOT_STARTED,NOT_STARTED,NOT_STARTED,NOT_STARTED,PENDING,,
MOTION_P06,P06.S01,NOT_STARTED,NOT_STARTED,NOT_STARTED,NOT_STARTED,PENDING,,
MOTION_P06,P06.S02,NOT_STARTED,NOT_STARTED,NOT_STARTED,NOT_STARTED,PENDING,,
MOTION_P06,P06.S03,NOT_STARTED,NOT_STARTED,NOT_STARTED,NOT_STARTED,PENDING,,
MOTION_P06,P06.S04,NOT_STARTED,NOT_STARTED,NOT_STARTED,NOT_STARTED,PENDING,,
MOTION_P07,P07.S01,NOT_STARTED,NOT_STARTED,NOT_STARTED,NOT_STARTED,PENDING,,
MOTION_P07,P07.S02,NOT_STARTED,NOT_STARTED,NOT_STARTED,NOT_STARTED,PENDING,,
MOTION_P07,P07.S03,NOT_STARTED,NOT_STARTED,NOT_STARTED,NOT_STARTED,PENDING,,
MOTION_P07,P07.S04,NOT_STARTED,NOT_STARTED,NOT_STARTED,NOT_STARTED,PENDING,,
MOTION_P08,P08.S01,NOT_STARTED,NOT_STARTED,NOT_STARTED,NOT_STARTED,PENDING,,
MOTION_P08,P08.S02,NOT_STARTED,NOT_STARTED,NOT_STARTED,NOT_STARTED,PENDING,,
MOTION_P08,P08.S03,NOT_STARTED,NOT_STARTED,NOT_STARTED,NOT_STARTED,PENDING,,
MOTION_P08,P08.S04,NOT_STARTED,NOT_STARTED,NOT_STARTED,NOT_STARTED,PENDING,,
MOTION_P09,P09.S01,NOT_STARTED,NOT_STARTED,NOT_STARTED,NOT_STARTED,PENDING,,
MOTION_P09,P09.S02,NOT_STARTED,NOT_STARTED,NOT_STARTED,NOT_STARTED,PENDING,,
MOTION_P09,P09.S03,NOT_STARTED,NOT_STARTED,NOT_STARTED,NOT_STARTED,PENDING,,
MOTION_P09,P09.S04,NOT_STARTED,NOT_STARTED,NOT_STARTED,NOT_STARTED,PENDING,,
MOTION_P10,P10.S01,NOT_STARTED,NOT_STARTED,NOT_STARTED,NOT_STARTED,PENDING,,
MOTION_P10,P10.S02,NOT_STARTED,NOT_STARTED,NOT_STARTED,NOT_STARTED,PENDING,,
MOTION_P10,P10.S03,NOT_STARTED,NOT_STARTED,NOT_STARTED,NOT_STARTED,PENDING,,
MOTION_P10,P10.S04,NOT_STARTED,NOT_STARTED,NOT_STARTED,NOT_STARTED,PENDING,,
MOTION_P11,P11.S01,NOT_STARTED,NOT_STARTED,NOT_STARTED,NOT_STARTED,PENDING,,
MOTION_P11,P11.S02,NOT_STARTED,NOT_STARTED,NOT_STARTED,NOT_STARTED,PENDING,,
MOTION_P11,P11.S03,NOT_STARTED,NOT_STARTED,NOT_STARTED,NOT_STARTED,PENDING,,
MOTION_P11,P11.S04,NOT_STARTED,NOT_STARTED,NOT_STARTED,NOT_STARTED,PENDING,,
MOTION_P12,P12.S01,NOT_STARTED,NOT_STARTED,NOT_STARTED,NOT_STARTED,PENDING,,
MOTION_P12,P12.S02,NOT_STARTED,NOT_STARTED,NOT_STARTED,NOT_STARTED,PENDING,,
MOTION_P12,P12.S03,NOT_STARTED,NOT_STARTED,NOT_STARTED,NOT_STARTED,PENDING,,
MOTION_P12,P12.S04,NOT_STARTED,NOT_STARTED,NOT_STARTED,NOT_STARTED,PENDING,,
MOTION_P13,P13.S01,NOT_STARTED,NOT_STARTED,NOT_STARTED,NOT_STARTED,PENDING,,
MOTION_P13,P13.S02,NOT_STARTED,NOT_STARTED,NOT_STARTED,NOT_STARTED,PENDING,,
MOTION_P13,P13.S03,NOT_STARTED,NOT_STARTED,NOT_STARTED,NOT_STARTED,PENDING,,
MOTION_P13,P13.S04,NOT_STARTED,NOT_STARTED,NOT_STARTED,NOT_STARTED,PENDING,,
MOTION_P14,P14.S01,NOT_STARTED,NOT_STARTED,NOT_STARTED,NOT_STARTED,PENDING,,
MOTION_P14,P14.S02,NOT_STARTED,NOT_STARTED,NOT_STARTED,NOT_STARTED,PENDING,,
MOTION_P14,P14.S03,NOT_STARTED,NOT_STARTED,NOT_STARTED,NOT_STARTED,PENDING,,
MOTION_P14,P14.S04,NOT_STARTED,NOT_STARTED,NOT_STARTED,NOT_STARTED,PENDING,,
MOTION_P15,P15.S01,NOT_STARTED,NOT_STARTED,NOT_STARTED,NOT_STARTED,PENDING,,
MOTION_P15,P15.S02,NOT_STARTED,NOT_STARTED,NOT_STARTED,NOT_STARTED,PENDING,,
MOTION_P15,P15.S03,NOT_STARTED,NOT_STARTED,NOT_STARTED,NOT_STARTED,PENDING,,
MOTION_P15,P15.S04,NOT_STARTED,NOT_STARTED,NOT_STARTED,NOT_STARTED,PENDING,,
MOTION_P16,P16.S01,NOT_STARTED,NOT_STARTED,NOT_STARTED,NOT_STARTED,PENDING,,
MOTION_P16,P16.S02,NOT_STARTED,NOT_STARTED,NOT_STARTED,NOT_STARTED,PENDING,,
MOTION_P16,P16.S03,NOT_STARTED,NOT_STARTED,NOT_STARTED,NOT_STARTED,PENDING,,
MOTION_P16,P16.S04,NOT_STARTED,NOT_STARTED,NOT_STARTED,NOT_STARTED,PENDING,,
MOTION_P17,P17.S01,NOT_STARTED,NOT_STARTED,NOT_STARTED,NOT_STARTED,PENDING,,
MOTION_P17,P17.S02,NOT_STARTED,NOT_STARTED,NOT_STARTED,NOT_STARTED,PENDING,,
MOTION_P17,P17.S03,NOT_STARTED,NOT_STARTED,NOT_STARTED,NOT_STARTED,PENDING,,
MOTION_P17,P17.S04,NOT_STARTED,NOT_STARTED,NOT_STARTED,NOT_STARTED,PENDING,,
MOTION_P18,P18.S01,NOT_STARTED,NOT_STARTED,NOT_STARTED,NOT_STARTED,PENDING,,
MOTION_P18,P18.S02,NOT_STARTED,NOT_STARTED,NOT_STARTED,NOT_STARTED,PENDING,,
MOTION_P18,P18.S03,NOT_STARTED,NOT_STARTED,NOT_STARTED,NOT_STARTED,PENDING,,
MOTION_P18,P18.S04,NOT_STARTED,NOT_STARTED,NOT_STARTED,NOT_STARTED,PENDING,,
MOTION_P19,P19.S01,NOT_STARTED,NOT_STARTED,NOT_STARTED,NOT_STARTED,PENDING,,
MOTION_P19,P19.S02,NOT_STARTED,NOT_STARTED,NOT_STARTED,NOT_STARTED,PENDING,,
MOTION_P19,P19.S03,NOT_STARTED,NOT_STARTED,NOT_STARTED,NOT_STARTED,PENDING,,
MOTION_P19,P19.S04,NOT_STARTED,NOT_STARTED,NOT_STARTED,NOT_STARTED,PENDING,,
MOTION_P20,P20.S01,NOT_STARTED,NOT_STARTED,NOT_STARTED,NOT_STARTED,PENDING,,
MOTION_P20,P20.S02,NOT_STARTED,NOT_STARTED,NOT_STARTED,NOT_STARTED,PENDING,,
MOTION_P20,P20.S03,NOT_STARTED,NOT_STARTED,NOT_STARTED,NOT_STARTED,PENDING,,
MOTION_P20,P20.S04,NOT_STARTED,NOT_STARTED,NOT_STARTED,NOT_STARTED,PENDING,,
MOTION_P21,P21.S01,NOT_STARTED,NOT_STARTED,NOT_STARTED,NOT_STARTED,PENDING,,
MOTION_P21,P21.S02,NOT_STARTED,NOT_STARTED,NOT_STARTED,NOT_STARTED,PENDING,,
MOTION_P21,P21.S03,NOT_STARTED,NOT_STARTED,NOT_STARTED,NOT_STARTED,PENDING,,
MOTION_P21,P21.S04,NOT_STARTED,NOT_STARTED,NOT_STARTED,NOT_STARTED,PENDING,,
MOTION_P22,P22.S01,NOT_STARTED,NOT_STARTED,NOT_STARTED,NOT_STARTED,PENDING,,
MOTION_P22,P22.S02,NOT_STARTED,NOT_STARTED,NOT_STARTED,NOT_STARTED,PENDING,,
MOTION_P22,P22.S03,NOT_STARTED,NOT_STARTED,NOT_STARTED,NOT_STARTED,PENDING,,
MOTION_P22,P22.S04,NOT_STARTED,NOT_STARTED,NOT_STARTED,NOT_STARTED,PENDING,,
MOTION_P23,P23.S01,NOT_STARTED,NOT_STARTED,NOT_STARTED,NOT_STARTED,PENDING,,
MOTION_P23,P23.S02,NOT_STARTED,NOT_STARTED,NOT_STARTED,NOT_STARTED,PENDING,,
MOTION_P23,P23.S03,NOT_STARTED,NOT_STARTED,NOT_STARTED,NOT_STARTED,PENDING,,
MOTION_P23,P23.S04,NOT_STARTED,NOT_STARTED,NOT_STARTED,NOT_STARTED,PENDING,,
MOTION_P24,P24.S01,NOT_STARTED,NOT_STARTED,NOT_STARTED,NOT_STARTED,PENDING,,
MOTION_P24,P24.S02,NOT_STARTED,NOT_STARTED,NOT_STARTED,NOT_STARTED,PENDING,,
MOTION_P24,P24.S03,NOT_STARTED,NOT_STARTED,NOT_STARTED,NOT_STARTED,PENDING,,
MOTION_P24,P24.S04,NOT_STARTED,NOT_STARTED,NOT_STARTED,NOT_STARTED,PENDING,,
