"journey","boards","behavior","context","entry_link","result","evidence","blocker"
"J01","P01;P02;P03;P04;P05;P06;P09","Entry and P03 actions remain clickable at three viewports","[{""action"":""inbound"",""viewport"":[494,950],""centerClickable"":true,""closePosition"":""relative""},{""action"":""outbound"",""viewport"":[494,950],""centerClickable"":true,""closePosition"":""relative""},{""action"":""lookup"",""viewport"":[494,950],""centerClickable"":true,""closePosition"":""relative""},{""action"":""warranty"",""viewport"":[494,950],""centerClickable"":true,""closePosition"":""relative""},{""action"":""inbound"",""viewport"":[360,800],""centerClickable"":true,""closePosition"":""relative""},{""action"":""outbound"",""viewport"":[360,800],""centerClickable"":true,""closePosition"":""relative""},{""action"":""lookup"",""viewport"":[360,800],""centerClickable"":true,""closePosition"":""relative""},{""action"":""warranty"",""viewport"":[360,800],""centerClickable"":true,""closePosition"":""relative""},{""action"":""inbound"",""viewport"":[1440,900],""centerClickable"":true,""closePosition"":""relative""},{""action"":""outbound"",""viewport"":[1440,900],""centerClickable"":true,""closePosition"":""relative""},{""action"":""lookup"",""viewport"":[1440,900],""centerClickable"":true,""closePosition"":""relative""},{""action"":""warranty"",""viewport"":[1440,900],""centerClickable"":true,""closePosition"":""relative""}]","https://duc-nguyen98.github.io/ScannerHNApp/review/?view=app","PASS","handoff/FINAL/evidence/public-journeys-auto/results.json#J01",""
"J02","P04;P08;P12;P24","Verified stock receipt shares history and document identity; Back/Forward retain result","{""documentId"":""fixture-inbound-0005"",""historyId"":""receipt:fixture-inbound-0005"",""recordCalls"":1,""inventoryDelta"":0}","https://duc-nguyen98.github.io/ScannerHNApp/review/?view=app","PASS","handoff/FINAL/evidence/public-journeys-auto/results.json#J02",""
"J03","P02;P08;P12;P18","History explicit B08 mapping opens document and real PDF; caller tab/filter/focus restored","{""documentId"":""fixture-inbound-0005"",""recordId"":""LS-0001"",""pdfNonblank"":true}","https://duc-nguyen98.github.io/ScannerHNApp/review/?view=app","PASS","handoff/FINAL/evidence/public-journeys-auto/results.json#J03",""
"J04","P08;P22;P23","History missing/invalid IDs never choose first record; legacy session stays B08","{""legacyScanCount"":""19"",""missingAndInvalidCases"":4,""defaultEventSources"":""unavailable, not fabricated""}","https://duc-nguyen98.github.io/ScannerHNApp/review/?view=app","PASS","handoff/FINAL/evidence/public-journeys-auto/results.json#J04",""
"J05","P01;P02;P12","Refresh reauth gate and logout Back do not reveal old documents","{""preRefreshHash"":""#p02/documents?panel=2&doc=p12-stock-PX-0011"",""refresh"":""reauth required; page-memory receipt not durable"",""logout"":""no authenticated DOM""}","https://duc-nguyen98.github.io/ScannerHNApp/review/?view=app","PASS","handoff/FINAL/evidence/public-journeys-auto/results.json#J05",""
"J06","P04;P15;P17;P24","UNKNOWN stock write only checks same request, no duplicate record","{""recordCalls"":1,""inventoryDelta"":0}","https://duc-nguyen98.github.io/ScannerHNApp/review/?view=app","PASS","handoff/FINAL/evidence/public-journeys-auto/results.json#J06",""
"J07","P09;P19;P20","Entry warranty to component Post and shared case/history","{""caseId"":""BH-001"",""receiptId"":""XLK-DEMO-0001"",""commits"":1}","https://duc-nguyen98.github.io/ScannerHNApp/review/?view=app","PASS","handoff/FINAL/evidence/public-journeys-auto/results.json#J07",""
"J08","P03;P04;P14","Legacy P03 draft cannot masquerade as a verified live owner","{""documentId"":""PN-0001"",""dependency"":""P03 legacy draft has no matching P04 owner; retained and blocked""}","https://duc-nguyen98.github.io/ScannerHNApp/review/?view=app","PASS","handoff/FINAL/evidence/public-journeys-auto/results.json#J08",""
"J09","P09;P20;P23;P24","Closed case read-only history and timeline use the same case identity","{""caseId"":""BH-002"",""readOnly"":true}","https://duc-nguyen98.github.io/ScannerHNApp/review/?view=app","PASS","handoff/FINAL/evidence/public-journeys-auto/results.json#J09",""
"J10","P05;P08;P12;P17;P24","Outbound record and UNKNOWN reconciliation share receipt identity without Post","{""firstDocumentId"":""fixture-outbound-0005-1"",""secondDocumentId"":""fixture-outbound-0005-2"",""inventoryDelta"":0}","https://duc-nguyen98.github.io/ScannerHNApp/review/?view=app","PASS","handoff/FINAL/evidence/public-journeys-auto/results.json#J10",""
"J11","P09;P19;P21","Live component draft resumes exact document/session/version through P21","{""documentId"":""DRAFT-DEMO-142e23f4-1474-4b1c-8d3c-0ea8edf35c8d"",""scanSessionId"":""ec5803dc-0519-4d03-abfe-8c7cf3c50c41"",""version"":2,""commits"":0}","https://duc-nguyen98.github.io/ScannerHNApp/review/?view=app","PASS","handoff/FINAL/evidence/public-journeys-auto/results.json#J11",""
"J12","P03;P04;P05;P14","P03 and P14 share live stock owners; resume/save/cancel/discard retain exact identity","[{""operation"":""inbound"",""documentId"":""fixture-inbound-0005"",""scanSessionId"":""fixture-inbound-scan-0005"",""recordCalls"":0,""inventoryDelta"":0},{""operation"":""outbound"",""documentId"":""fixture-outbound-0005-1"",""scanSessionId"":""fixture-outbound-scan-0005-1"",""recordCalls"":0,""inventoryDelta"":0}]","https://duc-nguyen98.github.io/ScannerHNApp/review/?view=app","PASS","handoff/FINAL/evidence/public-journeys-auto/results.json#J12",""
