id,disposition,visual,behavior,integration,evidence
P24.S01,CURRENT,AWAITING_USER_REVIEW,PASS_PROTOTYPE,BLOCKED_PRODUCTION,evidence/revision-01/after/results.json
P24.S02,CURRENT,AWAITING_USER_REVIEW,PASS_PROTOTYPE,BLOCKED_PRODUCTION,evidence/revision-01/after/results.json
P24.S03,CURRENT,AWAITING_USER_REVIEW,PASS_PROTOTYPE,BLOCKED_PRODUCTION,evidence/revision-01/after/results.json
P24.S04,CURRENT,AWAITING_USER_REVIEW,PASS_PROTOTYPE,BLOCKED_PRODUCTION,evidence/revision-01/after/results.json
P24.A01,CURRENT,AWAITING_USER_REVIEW,PASS_PROTOTYPE,BLOCKED_PRODUCTION,logic.txt; after/results.json; edges/results.json
P24.A02,CURRENT,AWAITING_USER_REVIEW,PASS_PROTOTYPE,BLOCKED_PRODUCTION,logic.txt; after/results.json
P24.A03,CURRENT,AWAITING_USER_REVIEW,PASS_PROTOTYPE,BLOCKED_PRODUCTION,logic.txt; after/results.json; edges/results.json; regression/check_p19/results.json
P24.A04,CURRENT,AWAITING_USER_REVIEW,PASS_PROTOTYPE,BLOCKED_PRODUCTION,logic.txt; after/results.json; edges/results.json; regression/check_p21/after/browser-results.json
P24.A05,CURRENT,AWAITING_USER_REVIEW,PASS_PROTOTYPE,BLOCKED_PRODUCTION,COVERAGE_SUMMARY.md; SCREEN_COVERAGE.csv
