prompt_id,panel_id,coverage,behavior,visual,integration,evidence
P01,P01.S01,AUDITED,PASS_PROTOTYPE,PRESERVED_PRIOR_VISUAL_STATUS,NOT_RUN_PRODUCTION,handoff/readable-content-2026-09-28/REPORT.md
P01,P01.S02,AUDITED,PASS_PROTOTYPE,PRESERVED_PRIOR_VISUAL_STATUS,NOT_RUN_PRODUCTION,handoff/readable-content-2026-09-28/REPORT.md
P02,P02.S01,AUDITED,PASS_PROTOTYPE,PRESERVED_PRIOR_VISUAL_STATUS,NOT_RUN_PRODUCTION,handoff/readable-content-2026-09-28/REPORT.md
P03,P03.S01,AUDITED,PASS_PROTOTYPE,PRESERVED_PRIOR_VISUAL_STATUS,NOT_RUN_PRODUCTION,handoff/readable-content-2026-09-28/REPORT.md
P03,P03.S02,AUDITED,PASS_PROTOTYPE,PRESERVED_PRIOR_VISUAL_STATUS,NOT_RUN_PRODUCTION,handoff/readable-content-2026-09-28/REPORT.md
P03,P03.S03,AUDITED,PASS_PROTOTYPE,PRESERVED_PRIOR_VISUAL_STATUS,NOT_RUN_PRODUCTION,handoff/readable-content-2026-09-28/REPORT.md
P03,P03.S04,AUDITED,PASS_PROTOTYPE,PRESERVED_PRIOR_VISUAL_STATUS,NOT_RUN_PRODUCTION,handoff/readable-content-2026-09-28/REPORT.md
P04,P04.S01,AUDITED,PASS_PROTOTYPE,PRESERVED_PRIOR_VISUAL_STATUS,NOT_RUN_PRODUCTION,handoff/readable-content-2026-09-28/REPORT.md
P04,P04.S02,AUDITED,PASS_PROTOTYPE,PRESERVED_PRIOR_VISUAL_STATUS,NOT_RUN_PRODUCTION,handoff/readable-content-2026-09-28/REPORT.md
P04,P04.S03,AUDITED,PASS_PROTOTYPE,PRESERVED_PRIOR_VISUAL_STATUS,NOT_RUN_PRODUCTION,handoff/readable-content-2026-09-28/REPORT.md
P04,P04.S04,AUDITED,PASS_PROTOTYPE,PRESERVED_PRIOR_VISUAL_STATUS,NOT_RUN_PRODUCTION,handoff/readable-content-2026-09-28/REPORT.md
P05,P05.S01,AUDITED,PASS_PROTOTYPE,PRESERVED_PRIOR_VISUAL_STATUS,NOT_RUN_PRODUCTION,handoff/readable-content-2026-09-28/REPORT.md
P05,P05.S02,AUDITED,PASS_PROTOTYPE,PRESERVED_PRIOR_VISUAL_STATUS,NOT_RUN_PRODUCTION,handoff/readable-content-2026-09-28/REPORT.md
P05,P05.S03,AUDITED,PASS_PROTOTYPE,PRESERVED_PRIOR_VISUAL_STATUS,NOT_RUN_PRODUCTION,handoff/readable-content-2026-09-28/REPORT.md
P05,P05.S04,AUDITED,PASS_PROTOTYPE,PRESERVED_PRIOR_VISUAL_STATUS,NOT_RUN_PRODUCTION,handoff/readable-content-2026-09-28/REPORT.md
P06,P06.S01,AUDITED,PASS_PROTOTYPE,PRESERVED_PRIOR_VISUAL_STATUS,NOT_RUN_PRODUCTION,handoff/readable-content-2026-09-28/REPORT.md
P06,P06.S02,AUDITED,PASS_PROTOTYPE,PRESERVED_PRIOR_VISUAL_STATUS,NOT_RUN_PRODUCTION,handoff/readable-content-2026-09-28/REPORT.md
P06,P06.S03,AUDITED,PASS_PROTOTYPE,PRESERVED_PRIOR_VISUAL_STATUS,NOT_RUN_PRODUCTION,handoff/readable-content-2026-09-28/REPORT.md
P06,P06.S04,AUDITED,PASS_PROTOTYPE,PRESERVED_PRIOR_VISUAL_STATUS,NOT_RUN_PRODUCTION,handoff/readable-content-2026-09-28/REPORT.md
P07,P07.S01,AUDITED,PASS_PROTOTYPE,PRESERVED_PRIOR_VISUAL_STATUS,NOT_RUN_PRODUCTION,handoff/readable-content-2026-09-28/REPORT.md
P07,P07.S02,AUDITED,PASS_PROTOTYPE,PRESERVED_PRIOR_VISUAL_STATUS,NOT_RUN_PRODUCTION,handoff/readable-content-2026-09-28/REPORT.md
P07,P07.S03,AUDITED,PASS_PROTOTYPE,PRESERVED_PRIOR_VISUAL_STATUS,NOT_RUN_PRODUCTION,handoff/readable-content-2026-09-28/REPORT.md
P07,P07.S04,AUDITED,PASS_PROTOTYPE,PRESERVED_PRIOR_VISUAL_STATUS,NOT_RUN_PRODUCTION,handoff/readable-content-2026-09-28/REPORT.md
P08,P08.S01,AUDITED,PASS_PROTOTYPE,PRESERVED_PRIOR_VISUAL_STATUS,NOT_RUN_PRODUCTION,handoff/readable-content-2026-09-28/REPORT.md
P08,P08.S02,AUDITED,PASS_PROTOTYPE,PRESERVED_PRIOR_VISUAL_STATUS,NOT_RUN_PRODUCTION,handoff/readable-content-2026-09-28/REPORT.md
P08,P08.S03,AUDITED,PASS_PROTOTYPE,PRESERVED_PRIOR_VISUAL_STATUS,NOT_RUN_PRODUCTION,handoff/readable-content-2026-09-28/REPORT.md
P08,P08.S04,AUDITED,PASS_PROTOTYPE,PRESERVED_PRIOR_VISUAL_STATUS,NOT_RUN_PRODUCTION,handoff/readable-content-2026-09-28/REPORT.md
P09,P09.S01,AUDITED,PASS_PROTOTYPE,PRESERVED_PRIOR_VISUAL_STATUS,NOT_RUN_PRODUCTION,handoff/readable-content-2026-09-28/REPORT.md
P09,P09.S02,AUDITED,PASS_PROTOTYPE,PRESERVED_PRIOR_VISUAL_STATUS,NOT_RUN_PRODUCTION,handoff/readable-content-2026-09-28/REPORT.md
P09,P09.S03,AUDITED,PASS_PROTOTYPE,PRESERVED_PRIOR_VISUAL_STATUS,NOT_RUN_PRODUCTION,handoff/readable-content-2026-09-28/REPORT.md
P09,P09.S04,AUDITED,PASS_PROTOTYPE,PRESERVED_PRIOR_VISUAL_STATUS,NOT_RUN_PRODUCTION,handoff/readable-content-2026-09-28/REPORT.md
P10,P10.S01,AUDITED,PASS_PROTOTYPE,PRESERVED_PRIOR_VISUAL_STATUS,NOT_RUN_PRODUCTION,handoff/readable-content-2026-09-28/REPORT.md
P10,P10.S02,AUDITED,PASS_PROTOTYPE,PRESERVED_PRIOR_VISUAL_STATUS,NOT_RUN_PRODUCTION,handoff/readable-content-2026-09-28/REPORT.md
P10,P10.S03,AUDITED,PASS_PROTOTYPE,PRESERVED_PRIOR_VISUAL_STATUS,NOT_RUN_PRODUCTION,handoff/readable-content-2026-09-28/REPORT.md
P10,P10.S04,AUDITED,PASS_PROTOTYPE,PRESERVED_PRIOR_VISUAL_STATUS,NOT_RUN_PRODUCTION,handoff/readable-content-2026-09-28/REPORT.md
P11,P11.S01,AUDITED,PASS_PROTOTYPE,PRESERVED_PRIOR_VISUAL_STATUS,NOT_RUN_PRODUCTION,handoff/readable-content-2026-09-28/REPORT.md
P11,P11.S02,AUDITED,PASS_PROTOTYPE,PRESERVED_PRIOR_VISUAL_STATUS,NOT_RUN_PRODUCTION,handoff/readable-content-2026-09-28/REPORT.md
P11,P11.S03,AUDITED,PASS_PROTOTYPE,PRESERVED_PRIOR_VISUAL_STATUS,NOT_RUN_PRODUCTION,handoff/readable-content-2026-09-28/REPORT.md
P11,P11.S04,AUDITED,PASS_PROTOTYPE,PRESERVED_PRIOR_VISUAL_STATUS,NOT_RUN_PRODUCTION,handoff/readable-content-2026-09-28/REPORT.md
P12,P12.S01,AUDITED,PASS_PROTOTYPE,PRESERVED_PRIOR_VISUAL_STATUS,NOT_RUN_PRODUCTION,handoff/readable-content-2026-09-28/REPORT.md
P12,P12.S02,AUDITED,PASS_PROTOTYPE,PRESERVED_PRIOR_VISUAL_STATUS,NOT_RUN_PRODUCTION,handoff/readable-content-2026-09-28/REPORT.md
P12,P12.S03,AUDITED,PASS_PROTOTYPE,PRESERVED_PRIOR_VISUAL_STATUS,NOT_RUN_PRODUCTION,handoff/readable-content-2026-09-28/REPORT.md
P12,P12.S04,AUDITED,PASS_PROTOTYPE,PRESERVED_PRIOR_VISUAL_STATUS,NOT_RUN_PRODUCTION,handoff/readable-content-2026-09-28/REPORT.md
