prompt_id,panel_id,title,visual,behavior,integration,evidence
P01,P01.S01,Đăng nhập,USER_REVIEW_PENDING,PASS_AUDITED_PROTOTYPE,BLOCKED,root/verified-02/results.json
P01,P01.S02,Xác nhận phiên làm việc,USER_REVIEW_PENDING,PASS_AUDITED_PROTOTYPE,BLOCKED,root/verified-02/results.json
P02,P02.S01,Trang chủ đã khóa,USER_REVIEW_PENDING,PASS_AUDITED_PROTOTYPE,BLOCKED,root/verified-02/results.json
P03,P03.S01,Chọn tác vụ quét,USER_REVIEW_PENDING,PASS_AUDITED_PROTOTYPE,BLOCKED,root/verified-02/results.json
P03,P03.S02,Phiếu chưa hoàn tất,USER_REVIEW_PENDING,PASS_AUDITED_PROTOTYPE,BLOCKED,root/verified-02/results.json
P03,P03.S03,Kho tạm dừng,USER_REVIEW_PENDING,PASS_AUDITED_PROTOTYPE,BLOCKED,root/verified-02/results.json
P03,P03.S04,Xác nhận bỏ phiếu,USER_REVIEW_PENDING,PASS_AUDITED_PROTOTYPE,BLOCKED,root/verified-02/results.json
P04,P04.S01,Thông tin phiếu nhập,USER_REVIEW_PENDING,PASS_AUDITED_PROTOTYPE,BLOCKED,p04-p05/REPORT.md
P04,P04.S02,Quét hàng nhập,USER_REVIEW_PENDING,PASS_AUDITED_PROTOTYPE,BLOCKED,p04-p05/REPORT.md
P04,P04.S03,Kiểm tra phiếu,USER_REVIEW_PENDING,PASS_AUDITED_PROTOTYPE,BLOCKED,p04-p05/REPORT.md
P04,P04.S04,Đã gửi phiếu nhập — chờ Web,USER_REVIEW_PENDING,PASS_AUDITED_PROTOTYPE,BLOCKED,p04-p05/REPORT.md
P05,P05.S01,Thông tin phiếu xuất,USER_REVIEW_PENDING,PASS_AUDITED_PROTOTYPE,BLOCKED,p04-p05/REPORT.md
P05,P05.S02,Quét hàng xuất,USER_REVIEW_PENDING,PASS_AUDITED_PROTOTYPE,BLOCKED,p04-p05/REPORT.md
P05,P05.S03,Kiểm tra phiếu xuất — thiếu hàng,USER_REVIEW_PENDING,PASS_AUDITED_PROTOTYPE,BLOCKED,p04-p05/REPORT.md
P05,P05.S04,Đã gửi phiếu xuất — chờ Web,USER_REVIEW_PENDING,PASS_AUDITED_PROTOTYPE,BLOCKED,p04-p05/REPORT.md
P06,P06.S01,Tra cứu sản phẩm,USER_REVIEW_PENDING,PASS_AUDITED_PROTOTYPE,BLOCKED,p06-p07/REPORT.md
P06,P06.S02,Thông tin sản phẩm,USER_REVIEW_PENDING,PASS_AUDITED_PROTOTYPE,BLOCKED,p06-p07/REPORT.md
P06,P06.S03,Tồn kho sản phẩm,USER_REVIEW_PENDING,PASS_AUDITED_PROTOTYPE,BLOCKED,p06-p07/REPORT.md
P06,P06.S04,Lịch sử giao dịch,USER_REVIEW_PENDING,PASS_AUDITED_PROTOTYPE,BLOCKED,p06-p07/REPORT.md
P07,P07.S01,Thẻ NFC,USER_REVIEW_PENDING,PASS_AUDITED_PROTOTYPE,BLOCKED,p06-p07/REPORT.md
P07,P07.S02,Đọc thẻ NFC,USER_REVIEW_PENDING,PASS_AUDITED_PROTOTYPE,BLOCKED,p06-p07/REPORT.md
P07,P07.S03,Xác minh liên kết,USER_REVIEW_PENDING,PASS_AUDITED_PROTOTYPE,BLOCKED,p06-p07/REPORT.md
P07,P07.S04,Đã liên kết thẻ NFC,USER_REVIEW_PENDING,PASS_AUDITED_PROTOTYPE,BLOCKED,p06-p07/REPORT.md
P08,P08.S01,Lịch sử danh sách,USER_REVIEW_PENDING,PASS_AUDITED_PROTOTYPE,BLOCKED,p08-p09/REPORT.md
P08,P08.S02,Chi tiết lịch sử,USER_REVIEW_PENDING,PASS_AUDITED_PROTOTYPE,BLOCKED,p08-p09/REPORT.md
P08,P08.S03,Phiên quét tham chiếu,USER_REVIEW_PENDING,PASS_AUDITED_PROTOTYPE,BLOCKED,p08-p09/REPORT.md
P08,P08.S04,Hoạt động theo ngày,USER_REVIEW_PENDING,PASS_AUDITED_PROTOTYPE,BLOCKED,p08-p09/REPORT.md
P09,P09.S01,Bảo hành danh sách,USER_REVIEW_PENDING,PASS_AUDITED_PROTOTYPE,BLOCKED,p08-p09/REPORT.md
P09,P09.S02,Tiếp nhận bảo hành,USER_REVIEW_PENDING,PASS_AUDITED_PROTOTYPE,BLOCKED,p08-p09/REPORT.md
P09,P09.S03,Hồ sơ bảo hành,USER_REVIEW_PENDING,PASS_AUDITED_PROTOTYPE,BLOCKED,p08-p09/REPORT.md
P09,P09.S04,Kết quả sửa chữa,USER_REVIEW_PENDING,PASS_AUDITED_PROTOTYPE,BLOCKED,p08-p09/REPORT.md
P10,P10.S01,Cá nhân,USER_REVIEW_PENDING,PASS_AUDITED_PROTOTYPE,BLOCKED,root/verified-02/results.json
P10,P10.S02,Chỉnh sửa hồ sơ,USER_REVIEW_PENDING,PASS_AUDITED_PROTOTYPE,BLOCKED,root/verified-02/results.json
P10,P10.S03,Công việc & quyền,USER_REVIEW_PENDING,PASS_AUDITED_PROTOTYPE,BLOCKED,root/verified-02/results.json
P10,P10.S04,Tài khoản & bảo mật,USER_REVIEW_PENDING,PASS_AUDITED_PROTOTYPE,BLOCKED,root/verified-02/results.json
